id,industryId,industry,year,targetName,targetUnit,value
1,,,2022,CPI:当月同比（年度）,%,2.02
2,,,2022,CPI:消费品:当月同比（年度）,%,1.54
3,,,2022,TFT液晶面板:大尺寸:出货量:平板电脑:当月值（年度）,百万片,30.8
4,,,2022,一级市场债券净融资量:合计（年度）,亿元,7142.404495701999
5,,,2022,个人住房公积金贷款利率:5年以上（年度）,%,3.25
6,,,2022,中长期贷款利率:5年以上（年度）,%,4.9
7,,,2022,乘用车产量:国内:运动型多用途乘用车(SUV):当期值（年度）,辆,3459153.0
8,,,2022,乘用车销量:国内:运动型多用途乘用车销量(SUV):当期值（年度）,辆,3379991.0
9,,,2022,产量:原煤:当月值（年度）,万吨,58351.7
10,,,2022,信托产品:投资领域平均收益:房地产（年度）,%,7.85
11,,,2022,全社会用电量:工业用电:当月值（年度）,亿千瓦时,9908.0
12,,,2022,全社会用电量:当月值（年度）,亿千瓦时,15099.0
13,,,2022,全社会用电量:第一产业:当月值（年度）,亿千瓦时,197.0
14,,,2022,全社会用电量:第三产业:当月值（年度）,亿千瓦时,2374.0
15,,,2022,全社会用电量:第二产业:当月值（年度）,亿千瓦时,10084.0
16,,,2022,全部土地:全市:成交面积:当月值（年度）,万平方米,88709.96
17,,,2022,公路客运量:当月值（年度）,万人,465655.0
18,,,2022,公路货运量:当月值（年度）,万吨,1110562.0
19,,,2022,出口数量:微型电脑:当月值（年度）,万台,284.0
20,,,2022,制造业PMI:产成品库存（年度）,%,46.86
21,,,2022,制造业PMI:原材料库存（年度）,%,49.36
22,,,2022,制造业PMI:新出口订单（年度）,%,50.34
23,,,2022,制造业PMI:进口（年度）,%,50.52
24,,,2022,发电量:火电:当月值（年度）,亿千瓦小时,15604.8
25,,,2022,商品房待售面积:累计值（年度）,万平方米,172484.0
26,,,2022,固定资产投资完成额:当月值（年度）,亿元,109732.0
27,,,2022,存管证券只数（年度）,只,15715.0
28,,,2022,存管证券已上市流通市值（年度）,亿元,546016.52
29,,,2022,存管证券面值（年度）,亿元,153411.05
30,,,2022,工业增加值:当月同比（年度）,%,6.5775
31,14,采矿业,2022,工业增加值:采矿业:当月同比（年度）,%,-0.65
32,,,2022,平均汇率:中间价:美元兑人民币（年度）,,6.34958
33,,,2022,房地产开发投资完成额:当月值（年度）,亿元,19760.8608
34,,,2022,月均国际现货价格:航空煤油（年度）,美元/桶,82.12812500000001
35,,,2022,汽车产量:乘用车:当月值（年度）,万辆,796.8899
36,,,2022,汽车经销商库存系数:自主品牌（年度）,,1.78
37,,,2022,汽车销量:乘用车:当月值（年度）,万辆,801.4268999999999
38,,,2022,沪深合计:融资融券余额（年度）,亿元,9888.609091
39,,,2022,生产资料价格指数:原煤:定基数（年度）,2000=100,63.333333333333336
40,,,2022,监管进出境总数:火车:当月值（年度）,节,854933.0
41,,,2022,进口数量:原油:当月值（年度）,万吨,19057.7
42,,,2022,进口数量:煤及褐煤(煤炭):当月值（年度）,万吨,24006.6
43,,,2022,重点发电企业耗煤:全国:当月值（年度）,万吨,40200.2
44,,,2022,铁路客运量:当月值（年度）,万人,107157.4656
45,,,2022,铁路货运量:当月值（年度）,万吨,128916.6273
46,,,2022,销量:煤炭:当月值（年度）,万吨,109200.0
47,,,2021,CPI:当月同比（年度）,%,1.5499999999999998
48,,,2021,CPI:消费品:当月同比（年度）,%,0.7333333333333334
49,,,2021,TFT液晶面板:大尺寸:出货量:平板电脑:当月值（年度）,百万片,95.6
50,,,2021,一级市场债券净融资量:合计（年度）,亿元,8729.735575713332
51,,,2021,个人住房公积金贷款利率:5年以上（年度）,%,3.25
52,,,2021,中长期贷款利率:5年以上（年度）,%,4.9
53,,,2021,乘用车产量:国内:运动型多用途乘用车(SUV):当期值（年度）,辆,10035272.0
54,,,2021,乘用车销量:国内:运动型多用途乘用车销量(SUV):当期值（年度）,辆,10001362.0
55,,,2021,产量:原煤:当月值（年度）,万吨,322208.3
56,,,2021,信托产品:投资领域平均收益:房地产（年度）,%,7.034999999999999
57,,,2021,全社会用电量:工业用电:当月值（年度）,亿千瓦时,39493.88334
58,,,2021,全社会用电量:当月值（年度）,亿千瓦时,57373.3943
59,,,2021,全社会用电量:第一产业:当月值（年度）,亿千瓦时,1074.269813
60,,,2021,全社会用电量:第三产业:当月值（年度）,亿千瓦时,8062.290913
61,,,2021,全社会用电量:第二产业:当月值（年度）,亿千瓦时,40155.45979
62,,,2021,全部土地:全市:成交面积:当月值（年度）,万平方米,207094.8
63,,,2021,公路客运量:当月值（年度）,万人,1459099.0
64,,,2021,公路货运量:当月值（年度）,万吨,3679518.0
65,,,2021,出口数量:微型电脑:当月值（年度）,万台,960.0
66,,,2021,制造业PMI:产成品库存（年度）,%,46.23333333333334
67,,,2021,制造业PMI:原材料库存（年度）,%,48.41666666666666
68,,,2021,制造业PMI:新出口订单（年度）,%,50.9
69,,,2021,制造业PMI:进口（年度）,%,50.82500000000001
70,,,2021,发电量:火电:当月值（年度）,亿千瓦小时,77332.40000000001
71,,,2021,商品房待售面积:累计值（年度）,万平方米,703204.0
72,,,2021,固定资产投资完成额:当月值（年度）,亿元,590306.0
73,,,2021,存管证券只数（年度）,只,15452.0
74,,,2021,存管证券已上市流通市值（年度）,亿元,560579.67
75,,,2021,存管证券面值（年度）,亿元,150377.17
76,,,2021,工业增加值:当月同比（年度）,%,6.583631787208334
77,14,采矿业,2021,工业增加值:采矿业:当月同比（年度）,%,-1.32
78,,,2021,平均汇率:中间价:美元兑人民币（年度）,,6.754666666666668
79,,,2021,房地产开发投资完成额:当月值（年度）,亿元,99944.19
80,,,2021,月均国际现货价格:航空煤油（年度）,美元/桶,66.17725
81,,,2021,汽车产量:乘用车:当月值（年度）,万辆,2483.1434000000004
82,,,2021,汽车经销商库存系数:自主品牌（年度）,,0.67
83,,,2021,汽车销量:乘用车:当月值（年度）,万辆,2474.4226
84,,,2021,沪深合计:融资融券余额（年度）,亿元,10209.1666666666
85,,,2021,生产资料价格指数:原煤:定基数（年度）,2000=100,77.39833333333333
86,,,2021,监管进出境总数:火车:当月值（年度）,节,1890150.0
87,,,2021,进口数量:原油:当月值（年度）,万吨,41996.0
88,,,2021,进口数量:煤及褐煤(煤炭):当月值（年度）,万吨,54225.0
89,,,2021,重点发电企业耗煤:全国:当月值（年度）,万吨,83836.4
90,,,2021,铁路客运量:当月值（年度）,万人,308379.30340000003
91,,,2021,铁路货运量:当月值（年度）,万吨,368865.0044
92,,,2021,销量:煤炭:当月值（年度）,万吨,336700.0
93,,,2020,CPI:当月同比（年度）,%,2.0083333333333333
94,,,2020,CPI:消费品:当月同比（年度）,%,1.8833333333333333
95,,,2020,TFT液晶面板:大尺寸:出货量:平板电脑:当月值（年度）,百万片,82.3
96,,,2020,一级市场债券净融资量:合计（年度）,亿元,13266.195484655002
97,,,2020,个人住房公积金贷款利率:5年以上（年度）,%,3.25
98,,,2020,中长期贷款利率:5年以上（年度）,%,4.9
99,,,2020,乘用车产量:国内:运动型多用途乘用车(SUV):当期值（年度）,辆,8823434.0
100,,,2020,乘用车销量:国内:运动型多用途乘用车销量(SUV):当期值（年度）,辆,8741251.0
101,,,2020,产量:原煤:当月值（年度）,万吨,303901.9
102,,,2020,信托产品:投资领域平均收益:房地产（年度）,%,7.352499999999999
103,,,2020,全社会用电量:工业用电:当月值（年度）,亿千瓦时,41374.147
104,,,2020,全社会用电量:当月值（年度）,亿千瓦时,59179.9063
105,,,2020,全社会用电量:第一产业:当月值（年度）,亿千瓦时,1075.3915000000002
106,,,2020,全社会用电量:第三产业:当月值（年度）,亿千瓦时,7954.893099999999
107,,,2020,全社会用电量:第二产业:当月值（年度）,亿千瓦时,42098.7401
108,,,2020,全部土地:全市:成交面积:当月值（年度）,万平方米,191806.13
109,,,2020,公路客运量:当月值（年度）,万人,1424214.0
110,,,2020,公路货运量:当月值（年度）,万吨,3026609.0
111,,,2020,出口数量:微型电脑:当月值（年度）,万台,774.0
112,,,2020,制造业PMI:产成品库存（年度）,%,46.06666666666666
113,,,2020,制造业PMI:原材料库存（年度）,%,47.65
114,,,2020,制造业PMI:新出口订单（年度）,%,49.38333333333333
115,,,2020,制造业PMI:进口（年度）,%,49.208333333333336
116,,,2020,发电量:火电:当月值（年度）,亿千瓦小时,73829.21039999998
117,,,2020,商品房待售面积:累计值（年度）,万平方米,783742.0
118,,,2020,固定资产投资完成额:当月值（年度）,亿元,558493.2032
119,,,2020,存管证券只数（年度）,只,13055.0
120,,,2020,存管证券已上市流通市值（年度）,亿元,492344.56
121,,,2020,存管证券面值（年度）,亿元,128291.59
122,,,2020,工业增加值:当月同比（年度）,%,6.044841749466667
123,14,采矿业,2020,工业增加值:采矿业:当月同比（年度）,%,-1.34
124,,,2020,平均汇率:中间价:美元兑人民币（年度）,,6.640125
125,,,2020,房地产开发投资完成额:当月值（年度）,亿元,93529.2092
126,,,2020,月均国际现货价格:航空煤油（年度）,美元/桶,54.388125
127,,,2020,汽车产量:乘用车:当月值（年度）,万辆,2431.5020000000004
128,,,2020,汽车经销商库存系数:自主品牌（年度）,,0.96
129,,,2020,汽车销量:乘用车:当月值（年度）,万辆,2429.2238
130,,,2020,沪深合计:融资融券余额（年度）,亿元,9562.935418
131,,,2020,生产资料价格指数:原煤:定基数（年度）,2000=100,96.85
132,,,2020,监管进出境总数:火车:当月值（年度）,节,1486105.0
133,,,2020,进口数量:原油:当月值（年度）,万吨,38104.0
134,,,2020,进口数量:煤及褐煤(煤炭):当月值（年度）,万吨,51134.0
135,,,2020,重点发电企业耗煤:全国:当月值（年度）,万吨,117718.2
136,,,2020,铁路客运量:当月值（年度）,万人,281422.5636
137,,,2020,铁路货运量:当月值（年度）,万吨,333113.7742
138,,,2020,销量:煤炭:当月值（年度）,万吨,289600.0
139,,,2019,CPI:当月同比（年度）,%,1.4416666666666669
140,,,2019,CPI:消费品:当月同比（年度）,%,1.1916666666666669
141,,,2019,TFT液晶面板:大尺寸:出货量:平板电脑:当月值（年度）,百万片,80.39999999999999
142,,,2019,一级市场债券净融资量:合计（年度）,亿元,10432.603007561667
143,,,2019,个人住房公积金贷款利率:5年以上（年度）,%,3.625
144,,,2019,中长期贷款利率:5年以上（年度）,%,5.4625
145,,,2019,产量:原煤:当月值（年度）,万吨,336487.1927
146,,,2019,信托产品:投资领域平均收益:房地产（年度）,%,9.280833333333334
147,,,2019,全社会用电量:工业用电:当月值（年度）,亿千瓦时,39335.58579
148,,,2019,全社会用电量:当月值（年度）,亿千瓦时,55484.904160000006
149,,,2019,全社会用电量:第一产业:当月值（年度）,亿千瓦时,1020.2433157
150,,,2019,全社会用电量:第三产业:当月值（年度）,亿千瓦时,7156.746673999999
151,,,2019,全社会用电量:第二产业:当月值（年度）,亿千瓦时,40032.258250000006
152,,,2019,全部土地:全市:成交面积:当月值（年度）,万平方米,200950.02
153,,,2019,公路客运量:当月值（年度）,万人,1890382.0
154,,,2019,公路货运量:当月值（年度）,万吨,3545243.0
155,,,2019,出口数量:微型电脑:当月值（年度）,万台,826.0
156,,,2019,制造业PMI:产成品库存（年度）,%,47.35
157,,,2019,制造业PMI:原材料库存（年度）,%,47.89166666666666
158,,,2019,制造业PMI:新出口订单（年度）,%,47.93333333333333
159,,,2019,制造业PMI:进口（年度）,%,47.525000000000006
160,,,2019,发电量:火电:当月值（年度）,亿千瓦小时,75408.3416
161,,,2019,商品房待售面积:累计值（年度）,万平方米,735220.0
162,,,2019,固定资产投资完成额:当月值（年度）,亿元,517112.5871
163,,,2019,存管证券只数（年度）,只,8544.0
164,,,2019,存管证券已上市流通市值（年度）,亿元,487494.09
165,,,2019,存管证券面值（年度）,亿元,87436.95
166,,,2019,工业增加值:当月同比（年度）,%,6.091610200000001
167,14,采矿业,2019,工业增加值:采矿业:当月同比（年度）,%,2.37
168,,,2019,平均汇率:中间价:美元兑人民币（年度）,,6.227216666666667
169,,,2019,房地产开发投资完成额:当月值（年度）,亿元,87192.4879
170,,,2019,月均国际现货价格:航空煤油（年度）,美元/桶,66.68379166666664
171,,,2019,汽车产量:乘用车:当月值（年度）,万辆,2104.34
172,,,2019,汽车经销商库存系数:自主品牌（年度）,,1.24
173,,,2019,汽车销量:乘用车:当月值（年度）,万辆,2110.8700000000003
174,,,2019,沪深合计:融资融券余额（年度）,亿元,11804.74427
175,,,2019,生产资料价格指数:原煤:定基数（年度）,2000=100,104.15500000000002
176,,,2019,监管进出境总数:火车:当月值（年度）,节,1315683.0
177,,,2019,进口数量:原油:当月值（年度）,万吨,33549.0
178,,,2019,进口数量:煤及褐煤(煤炭):当月值（年度）,万吨,40836.0
179,,,2019,重点发电企业耗煤:全国:当月值（年度）,万吨,113425.0
180,,,2019,铁路客运量:当月值（年度）,万人,253436.8455
181,,,2019,铁路货运量:当月值（年度）,万吨,335833.3596000001
182,,,2019,销量:煤炭:当月值（年度）,万吨,319000.0
183,,,2018,CPI:当月同比（年度）,%,1.9916666666666665
184,,,2018,CPI:消费品:当月同比（年度）,%,1.775
185,,,2018,TFT液晶面板:大尺寸:出货量:平板电脑:当月值（年度）,百万片,90.5
186,,,2018,一级市场债券净融资量:合计（年度）,亿元,5055.0004689975
187,,,2018,个人住房公积金贷款利率:5年以上（年度）,%,4.458333333333333
188,,,2018,中长期贷款利率:5年以上（年度）,%,6.483333333333332
189,,,2018,产量:原煤:当月值（年度）,万吨,325500.0
190,,,2018,信托产品:投资领域平均收益:房地产（年度）,%,9.738333333333337
191,,,2018,全社会用电量:工业用电:当月值（年度）,亿千瓦时,39916.7341
192,,,2018,全社会用电量:当月值（年度）,亿千瓦时,55223.62359999999
193,,,2018,全社会用电量:第一产业:当月值（年度）,亿千瓦时,994.4432
194,,,2018,全社会用电量:第三产业:当月值（年度）,亿千瓦时,6662.4242
195,,,2018,全社会用电量:第二产业:当月值（年度）,亿千瓦时,40637.3095
196,,,2018,全部土地:全市:成交面积:当月值（年度）,万平方米,58809.46000000001
197,,,2018,公路客运量:当月值（年度）,万人,1905302.0
198,,,2018,公路货运量:当月值（年度）,万吨,3341556.0
199,,,2018,出口数量:微型电脑:当月值（年度）,万台,972.0
200,,,2018,制造业PMI:产成品库存（年度）,%,47.50833333333333
201,,,2018,制造业PMI:原材料库存（年度）,%,48.09166666666667
202,,,2018,制造业PMI:新出口订单（年度）,%,49.55833333333334
203,,,2018,制造业PMI:进口（年度）,%,48.28333333333334
204,,,2018,发电量:火电:当月值（年度）,亿千瓦小时,76468.26000000001
205,,,2018,商品房待售面积:累计值（年度）,万平方米,612783.0
206,,,2018,固定资产投资完成额:当月值（年度）,亿元,471721.8715
207,,,2018,存管证券只数（年度）,只,6339.0
208,,,2018,存管证券已上市流通市值（年度）,亿元,357738.73
209,,,2018,存管证券面值（年度）,亿元,65918.19
210,,,2018,工业增加值:当月同比（年度）,%,8.295035274641668
211,14,采矿业,2018,工业增加值:采矿业:当月同比（年度）,%,4.5
212,,,2018,平均汇率:中间价:美元兑人民币（年度）,,6.142408333333333
213,,,2018,房地产开发投资完成额:当月值（年度）,亿元,87079.6311
214,,,2018,月均国际现货价格:航空煤油（年度）,美元/桶,114.42870833333336
215,,,2018,汽车产量:乘用车:当月值（年度）,万辆,1992.56
216,,,2018,汽车经销商库存系数:自主品牌（年度）,,1.81
217,,,2018,汽车销量:乘用车:当月值（年度）,万辆,1970.01
218,,,2018,沪深合计:融资融券余额（年度）,亿元,9567.649227
219,,,2018,生产资料价格指数:原煤:定基数（年度）,2000=100,125.0175
220,,,2018,监管进出境总数:火车:当月值（年度）,节,1540255.0
221,,,2018,进口数量:原油:当月值（年度）,万吨,30836.2
222,,,2018,进口数量:煤及褐煤(煤炭):当月值（年度）,万吨,58324.0
223,,,2018,重点发电企业耗煤:全国:当月值（年度）,万吨,124359.0
224,,,2018,铁路客运量:当月值（年度）,万人,235704.4024
225,,,2018,铁路货运量:当月值（年度）,万吨,381263.79670000006
226,,,2018,销量:煤炭:当月值（年度）,万吨,311636.0
227,,,2017,CPI:当月同比（年度）,%,2.6333333333333333
228,,,2017,CPI:消费品:当月同比（年度）,%,2.5166666666666666
229,,,2017,TFT液晶面板:大尺寸:出货量:平板电脑:当月值（年度）,百万片,35.9
230,,,2017,一级市场债券净融资量:合计（年度）,亿元,3126.351007
231,,,2017,个人住房公积金贷款利率:5年以上（年度）,%,4.5
232,,,2017,中长期贷款利率:5年以上（年度）,%,6.55
233,,,2017,产量:原煤:当月值（年度）,万吨,331500.0
234,,,2017,信托产品:投资领域平均收益:房地产（年度）,%,9.513333333333334
235,,,2017,全社会用电量:工业用电:当月值（年度）,亿千瓦时,38507.5615
236,,,2017,全社会用电量:当月值（年度）,亿千瓦时,53225.707
237,,,2017,全社会用电量:第一产业:当月值（年度）,亿千瓦时,1010.3077
238,,,2017,全社会用电量:第三产业:当月值（年度）,亿千瓦时,6259.6001
239,,,2017,全社会用电量:第二产业:当月值（年度）,亿千瓦时,39180.5088
240,,,2017,公路客运量:当月值（年度）,万人,3746820.0
241,,,2017,公路货运量:当月值（年度）,万吨,3561627.0
242,,,2017,出口数量:微型电脑:当月值（年度）,万台,1006.0
243,,,2017,制造业PMI:产成品库存（年度）,%,47.55833333333333
244,,,2017,制造业PMI:原材料库存（年度）,%,48.14166666666667
245,,,2017,制造业PMI:新出口订单（年度）,%,49.425
246,,,2017,制造业PMI:进口（年度）,%,49.275
247,,,2017,发电量:火电:当月值（年度）,亿千瓦小时,83555.78099999999
248,,,2017,商品房待售面积:累计值（年度）,万平方米,488315.0
249,,,2017,固定资产投资完成额:当月值（年度）,亿元,410851.7775
250,,,2017,存管证券只数（年度）,只,5071.0
251,,,2017,存管证券已上市流通市值（年度）,亿元,228900.76
252,,,2017,存管证券面值（年度）,亿元,56286.92
253,,,2017,工业增加值:当月同比（年度）,%,9.709026487741664
254,14,采矿业,2017,工业增加值:采矿业:当月同比（年度）,%,5.328571428571429
255,,,2017,平均汇率:中间价:美元兑人民币（年度）,,6.195641666666667
256,,,2017,房地产开发投资完成额:当月值（年度）,亿元,79343.6791
257,,,2017,月均国际现货价格:航空煤油（年度）,美元/桶,124.84795833333332
258,,,2017,汽车产量:乘用车:当月值（年度）,万辆,1808.4649
259,,,2017,汽车销量:乘用车:当月值（年度）,万辆,1792.7991
260,,,2017,沪深合计:融资融券余额（年度）,亿元,3378.899761
261,,,2017,生产资料价格指数:原煤:定基数（年度）,2000=100,140.195
262,,,2017,监管进出境总数:火车:当月值（年度）,节,1763572.0
263,,,2017,进口数量:煤及褐煤(煤炭):当月值（年度）,万吨,65444.0
264,,,2017,重点发电企业耗煤:全国:当月值（年度）,万吨,134301.0
265,,,2017,铁路客运量:当月值（年度）,万人,210185.3815
266,,,2017,铁路货运量:当月值（年度）,万吨,396696.4529
267,,,2017,销量:煤炭:当月值（年度）,万吨,318450.0
268,,,2016,CPI:当月同比（年度）,%,2.643333333333333
269,,,2016,CPI:消费品:当月同比（年度）,%,2.930294688
270,,,2016,一级市场债券净融资量:合计（年度）,亿元,3209.187613369167
271,,,2016,个人住房公积金贷款利率:5年以上（年度）,%,4.683333333333333
272,,,2016,中长期贷款利率:5年以上（年度）,%,6.779166666666666
273,,,2016,产量:原煤:当月值（年度）,万吨,348980.0
274,,,2016,信托产品:投资领域平均收益:房地产（年度）,%,10.14
275,,,2016,全社会用电量:工业用电:当月值（年度）,亿千瓦时,36085.9954
276,,,2016,全社会用电量:当月值（年度）,亿千瓦时,49618.8109
277,,,2016,全社会用电量:第一产业:当月值（年度）,亿千瓦时,1000.5329
278,,,2016,全社会用电量:第三产业:当月值（年度）,亿千瓦时,5688.3545
279,,,2016,全社会用电量:第二产业:当月值（年度）,亿千瓦时,36696.5149
280,,,2016,公路客运量:当月值（年度）,万人,3543046.0
281,,,2016,公路货运量:当月值（年度）,万吨,3219580.0
282,,,2016,出口数量:微型电脑:当月值（年度）,万台,906.0
283,,,2016,制造业PMI:产成品库存（年度）,%,49.475
284,,,2016,制造业PMI:原材料库存（年度）,%,47.74166666666667
285,,,2016,制造业PMI:新出口订单（年度）,%,49.29166666666666
286,,,2016,制造业PMI:进口（年度）,%,48.325
287,,,2016,发电量:火电:当月值（年度）,亿千瓦小时,74995.0
288,,,2016,商品房待售面积:累计值（年度）,万平方米,352473.0
289,,,2016,固定资产投资完成额:当月值（年度）,亿元,343646.2419
290,,,2016,存管证券只数（年度）,只,4094.0
291,,,2016,存管证券已上市流通市值（年度）,亿元,198828.93
292,,,2016,存管证券面值（年度）,亿元,46926.58
293,,,2016,工业增加值:当月同比（年度）,%,10.139061784091666
294,,,2016,平均汇率:中间价:美元兑人民币（年度）,,6.312383333333333
295,,,2016,房地产开发投资完成额:当月值（年度）,亿元,66372.3278
296,,,2016,月均国际现货价格:航空煤油（年度）,美元/桶,128.41529166666666
297,,,2016,汽车产量:乘用车:当月值（年度）,万辆,1552.4422
298,,,2016,汽车销量:乘用车:当月值（年度）,万辆,1549.3569
299,,,2016,沪深合计:融资融券余额（年度）,亿元,822.8761071
300,,,2016,生产资料价格指数:原煤:定基数（年度）,2000=100,164.772
301,,,2016,监管进出境总数:火车:当月值（年度）,节,1624746.0
302,,,2016,进口数量:煤及褐煤(煤炭):当月值（年度）,万吨,57770.365188
303,,,2016,重点发电企业耗煤:全国:当月值（年度）,万吨,130822.0
304,,,2016,铁路客运量:当月值（年度）,万人,191553.854
305,,,2016,铁路货运量:当月值（年度）,万吨,389841.0506
306,,,2016,销量:煤炭:当月值（年度）,万吨,334900.0
307,,,2015,CPI:当月同比（年度）,%,5.408333333333334
308,,,2015,CPI:消费品:当月同比（年度）,%,6.212761035833334
309,,,2015,一级市场债券净融资量:合计（年度）,亿元,1449.898936
310,,,2015,个人住房公积金贷款利率:5年以上（年度）,%,4.733333333333333
311,,,2015,中长期贷款利率:5年以上（年度）,%,6.858333333333333
312,,,2015,产量:原煤:当月值（年度）,万吨,337664.57
313,,,2015,信托产品:投资领域平均收益:房地产（年度）,%,9.990833333333336
314,,,2015,全社会用电量:工业用电:当月值（年度）,亿千瓦时,34652.0905
315,,,2015,全社会用电量:当月值（年度）,亿千瓦时,46941.1096
316,,,2015,全社会用电量:第一产业:当月值（年度）,亿千瓦时,1012.4897
317,,,2015,全社会用电量:第三产业:当月值（年度）,亿千瓦时,5092.2598
318,,,2015,全社会用电量:第二产业:当月值（年度）,亿千瓦时,35221.4314
319,,,2015,公路客运量:当月值（年度）,万人,3278516.0
320,,,2015,公路货运量:当月值（年度）,万吨,2813399.0
321,,,2015,出口数量:微型电脑:当月值（年度）,万台,974.0
322,,,2015,制造业PMI:产成品库存（年度）,%,49.95
323,,,2015,制造业PMI:原材料库存（年度）,%,49.333333333333336
324,,,2015,制造业PMI:新出口订单（年度）,%,49.95000000000001
325,,,2015,制造业PMI:进口（年度）,%,50.083333333333336
326,,,2015,发电量:火电:当月值（年度）,亿千瓦小时,75458.59575000001
327,,,2015,商品房待售面积:累计值（年度）,万平方米,27194.0
328,,,2015,固定资产投资完成额:当月值（年度）,亿元,284488.6898
329,,,2015,存管证券只数（年度）,只,3304.0
330,,,2015,存管证券已上市流通市值（年度）,亿元,177053.01
331,,,2015,存管证券面值（年度）,亿元,40353.6
332,,,2015,工业增加值:当月同比（年度）,%,13.745454545454548
333,,,2015,平均汇率:中间价:美元兑人民币（年度）,,6.461416666666668
334,,,2015,房地产开发投资完成额:当月值（年度）,亿元,57489.4056
335,,,2015,月均国际现货价格:航空煤油（年度）,美元/桶,126.45466666666664
336,,,2015,汽车产量:乘用车:当月值（年度）,万辆,1451.2673
337,,,2015,汽车销量:乘用车:当月值（年度）,万辆,1449.8020000000004
338,,,2015,沪深合计:融资融券余额（年度）,亿元,380.0470177
339,,,2015,进口数量:煤及褐煤(煤炭):当月值（年度）,万吨,36644.0
340,,,2015,重点发电企业耗煤:全国:当月值（年度）,万吨,136520.0
341,,,2015,铁路客运量:当月值（年度）,万人,185933.305
342,,,2015,铁路货运量:当月值（年度）,万吨,388020.5614
343,,,2015,销量:煤炭:当月值（年度）,万吨,321160.0
344,,,2014,CPI:当月同比（年度）,%,3.3241666666666667
345,,,2014,CPI:消费品:当月同比（年度）,%,3.73800589
346,,,2014,一级市场债券净融资量:合计（年度）,亿元,2139.197414495833
347,,,2014,个人住房公积金贷款利率:5年以上（年度）,%,3.9358333333333326
348,,,2014,中长期贷款利率:5年以上（年度）,%,6.011666666666666
349,,,2014,产量:原煤:当月值（年度）,万吨,308919.15
350,,,2014,信托产品:投资领域平均收益:房地产（年度）,%,8.825
351,,,2014,全社会用电量:工业用电:当月值（年度）,亿千瓦时,30986.0404
352,,,2014,全社会用电量:当月值（年度）,亿千瓦时,42024.7455
353,,,2014,全社会用电量:第一产业:当月值（年度）,亿千瓦时,976.7563
354,,,2014,全社会用电量:第三产业:当月值（年度）,亿千瓦时,4479.9221
355,,,2014,全社会用电量:第二产业:当月值（年度）,亿千瓦时,31469.573
356,,,2014,公路客运量:当月值（年度）,万人,3062627.0
357,,,2014,公路货运量:当月值（年度）,万吨,2425267.0
358,,,2014,出口数量:微型电脑:当月值（年度）,万台,1045.0
359,,,2014,制造业PMI:产成品库存（年度）,%,47.84166666666666
360,,,2014,制造业PMI:原材料库存（年度）,%,49.75000000000001
361,,,2014,制造业PMI:新出口订单（年度）,%,52.78333333333333
362,,,2014,制造业PMI:进口（年度）,%,51.25
363,,,2014,发电量:火电:当月值（年度）,亿千瓦小时,65917.50437000001
364,,,2014,固定资产投资完成额:当月值（年度）,亿元,228400.9032
365,,,2014,存管证券只数（年度）,只,2776.0
366,,,2014,存管证券已上市流通市值（年度）,亿元,206709.02
367,,,2014,存管证券面值（年度）,亿元,35206.24
368,,,2014,工业增加值:当月同比（年度）,%,14.490909090909092
369,,,2014,平均汇率:中间价:美元兑人民币（年度）,,6.770425
370,,,2014,房地产开发投资完成额:当月值（年度）,亿元,45123.428100000005
371,,,2014,月均国际现货价格:航空煤油（年度）,美元/桶,91.27520833333334
372,,,2014,汽车产量:乘用车:当月值（年度）,万辆,1388.6703000000002
373,,,2014,汽车销量:乘用车:当月值（年度）,万辆,1374.8883999999998
374,,,2014,沪深合计:融资融券余额（年度）,亿元,111.7179898
375,,,2014,进口数量:煤及褐煤(煤炭):当月值（年度）,万吨,33248.0
376,,,2014,重点发电企业耗煤:全国:当月值（年度）,万吨,69998.0
377,,,2014,铁路客运量:当月值（年度）,万人,167290.5209
378,,,2014,铁路货运量:当月值（年度）,万吨,364991.7178
379,,,2014,销量:煤炭:当月值（年度）,万吨,264110.0
380,,,2013,CPI:当月同比（年度）,%,-0.685833333
381,,,2013,CPI:消费品:当月同比（年度）,%,-0.555442797
382,,,2013,一级市场债券净融资量:合计（年度）,亿元,1993.4464563233328
383,,,2013,个人住房公积金贷款利率:5年以上（年度）,%,3.869999999999999
384,,,2013,中长期贷款利率:5年以上（年度）,%,5.94
385,,,2013,产量:原煤:当月值（年度）,万吨,298399.34
386,,,2013,信托产品:投资领域平均收益:房地产（年度）,%,8.156666666666666
387,,,2013,全社会用电量:工业用电:当月值（年度）,亿千瓦时,14774.631
388,,,2013,全社会用电量:当月值（年度）,亿千瓦时,20128.5803
389,,,2013,全社会用电量:第一产业:当月值（年度）,亿千瓦时,513.2816
390,,,2013,全社会用电量:第三产业:当月值（年度）,亿千瓦时,2157.5727
391,,,2013,全社会用电量:第二产业:当月值（年度）,亿千瓦时,14984.9435
392,,,2013,公路客运量:当月值（年度）,万人,2649911.0
393,,,2013,公路货运量:当月值（年度）,万吨,2065203.0
394,,,2013,出口数量:微型电脑:当月值（年度）,万台,702.0
395,,,2013,制造业PMI:产成品库存（年度）,%,45.65833333333334
396,,,2013,制造业PMI:原材料库存（年度）,%,47.833333333333336
397,,,2013,制造业PMI:新出口订单（年度）,%,49.45
398,,,2013,制造业PMI:进口（年度）,%,49.01666666666666
399,,,2013,发电量:火电:当月值（年度）,亿千瓦小时,58893.08618
400,,,2013,固定资产投资完成额:当月值（年度）,亿元,183862.832
401,,,2013,存管证券只数（年度）,只,2240.0
402,,,2013,存管证券已上市流通市值（年度）,亿元,160934.92
403,,,2013,存管证券面值（年度）,亿元,27061.74
404,,,2013,工业增加值:当月同比（年度）,%,12.454545454545457
405,,,2013,平均汇率:中间价:美元兑人民币（年度）,,6.831066666666668
406,,,2013,房地产开发投资完成额:当月值（年度）,亿元,33833.5615
407,,,2013,月均国际现货价格:航空煤油（年度）,美元/桶,71.11810833333334
408,,,2013,汽车产量:乘用车:当月值（年度）,万辆,1037.5331
409,,,2013,汽车销量:乘用车:当月值（年度）,万辆,1030.4274
410,,,2013,进口数量:煤及褐煤(煤炭):当月值（年度）,万吨,25326.0
411,,,2013,铁路客运量:当月值（年度）,万人,152481.7441
412,,,2013,铁路货运量:当月值（年度）,万吨,328707.1507
413,,,2013,销量:煤炭:当月值（年度）,万吨,276754.0
414,,,2012,CPI:当月同比（年度）,%,5.904166666666668
415,,,2012,CPI:消费品:当月同比（年度）,%,7.372119015833333
416,,,2012,一级市场债券净融资量:合计（年度）,亿元,2328.684572924167
417,,,2012,个人住房公积金贷款利率:5年以上（年度）,%,4.949999999999999
418,,,2012,中长期贷款利率:5年以上（年度）,%,7.47
419,,,2012,产量:原煤:当月值（年度）,万吨,258566.43
420,,,2012,信托产品:投资领域平均收益:房地产（年度）,%,9.945
421,,,2012,公路客运量:当月值（年度）,万人,2206969.0
422,,,2012,公路货运量:当月值（年度）,万吨,1817513.0
423,,,2012,出口数量:微型电脑:当月值（年度）,万台,767.0
424,,,2012,制造业PMI:产成品库存（年度）,%,48.54999999999999
425,,,2012,制造业PMI:原材料库存（年度）,%,46.43333333333334
426,,,2012,制造业PMI:新出口订单（年度）,%,47.24166666666667
427,,,2012,制造业PMI:进口（年度）,%,46.56666666666666
428,,,2012,发电量:火电:当月值（年度）,亿千瓦小时,55486.98
429,,,2012,固定资产投资完成额:当月值（年度）,亿元,140045.957
430,,,2012,存管证券只数（年度）,只,1944.0
431,,,2012,存管证券已上市流通市值（年度）,亿元,124688.92
432,,,2012,存管证券面值（年度）,亿元,22700.6
433,,,2012,工业增加值:当月同比（年度）,%,12.645454545454545
434,,,2012,平均汇率:中间价:美元兑人民币（年度）,,6.947975
435,,,2012,房地产开发投资完成额:当月值（年度）,亿元,28206.097500000003
436,,,2012,月均国际现货价格:航空煤油（年度）,美元/桶,122.72029166666668
437,,,2012,汽车产量:乘用车:当月值（年度）,万辆,672.8682
438,,,2012,汽车销量:乘用车:当月值（年度）,万辆,674.746
439,,,2012,进口数量:煤及褐煤(煤炭):当月值（年度）,万吨,8166.0
440,,,2012,铁路客运量:当月值（年度）,万人,145407.9709
441,,,2012,铁路货运量:当月值（年度）,万吨,326415.87
442,,,2012,销量:煤炭:当月值（年度）,万吨,243019.0
443,,,2011,CPI:当月同比（年度）,%,4.7725
444,,,2011,CPI:消费品:当月同比（年度）,%,5.672835714166667
445,,,2011,一级市场债券净融资量:合计（年度）,亿元,2591.4730442366667
446,,,2011,个人住房公积金贷款利率:5年以上（年度）,%,4.8825
447,,,2011,中长期贷款利率:5年以上（年度）,%,7.38
448,,,2011,产量:原煤:当月值（年度）,万吨,229892.1
449,,,2011,信托产品:投资领域平均收益:房地产（年度）,%,7.065000000000001
450,,,2011,公路客运量:当月值（年度）,万人,2058064.0
451,,,2011,公路货运量:当月值（年度）,万吨,1628442.0
452,,,2011,出口数量:微型电脑:当月值（年度）,万台,877.0
453,,,2011,制造业PMI:产成品库存（年度）,%,46.491666666666674
454,,,2011,制造业PMI:原材料库存（年度）,%,49.66666666666666
455,,,2011,制造业PMI:新出口订单（年度）,%,55.85
456,,,2011,制造业PMI:进口（年度）,%,53.333333333333336
457,,,2011,发电量:火电:当月值（年度）,亿千瓦小时,53424.77418
458,,,2011,固定资产投资完成额:当月值（年度）,亿元,110878.9
459,,,2011,存管证券只数（年度）,只,1850.0
460,,,2011,存管证券已上市流通市值（年度）,亿元,330561.88
461,,,2011,存管证券面值（年度）,亿元,21369.72
462,,,2011,工业增加值:当月同比（年度）,%,17.463636363636365
463,,,2011,平均汇率:中间价:美元兑人民币（年度）,,7.6071
464,,,2011,房地产开发投资完成额:当月值（年度）,亿元,23493.99
465,,,2011,月均国际现货价格:航空煤油（年度）,美元/桶,88.65579166666667
466,,,2011,汽车产量:乘用车:当月值（年度）,万辆,638.0004
467,,,2011,汽车销量:乘用车:当月值（年度）,万辆,629.7921
468,,,2011,进口数量:煤及褐煤(煤炭):当月值（年度）,万吨,10196.0
469,,,2011,铁路客运量:当月值（年度）,万人,135940.0
470,,,2011,铁路货运量:当月值（年度）,万吨,311741.1294
471,,,2011,销量:煤炭:当月值（年度）,万吨,236602.0
472,,,2010,CPI:当月同比（年度）,%,1.4675
473,,,2010,CPI:消费品:当月同比（年度）,%,1.3575
474,,,2010,一级市场债券净融资量:合计（年度）,亿元,1574.351389
475,,,2010,个人住房公积金贷款利率:5年以上（年度）,%,4.230000000000001
476,,,2010,中长期贷款利率:5年以上（年度）,%,6.510000000000001
477,,,2010,产量:原煤:当月值（年度）,万吨,206367.01
478,,,2010,信托产品:投资领域平均收益:房地产（年度）,%,5.154166666666667
479,,,2010,公路客运量:当月值（年度）,万人,1844551.0
480,,,2010,公路货运量:当月值（年度）,万吨,1461275.0
481,,,2010,出口数量:微型电脑:当月值（年度）,万台,814.0
482,,,2010,制造业PMI:产成品库存（年度）,%,45.39166666666667
483,,,2010,制造业PMI:原材料库存（年度）,%,47.51666666666666
484,,,2010,制造业PMI:新出口订单（年度）,%,56.78333333333333
485,,,2010,制造业PMI:进口（年度）,%,52.54166666666666
486,,,2010,发电量:火电:当月值（年度）,亿千瓦小时,46040.770686
487,,,2010,固定资产投资完成额:当月值（年度）,亿元,88178.26
488,,,2010,存管证券只数（年度）,只,1764.0
489,,,2010,存管证券已上市流通市值（年度）,亿元,92146.09
490,,,2010,存管证券面值（年度）,亿元,17389.24
491,,,2010,工业增加值:当月同比（年度）,%,16.79090909090909
492,,,2010,平均汇率:中间价:美元兑人民币（年度）,,7.973491666666667
493,,,2010,房地产开发投资完成额:当月值（年度）,亿元,17946.07
494,,,2010,月均国际现货价格:航空煤油（年度）,美元/桶,82.99204166666667
495,,,2010,汽车产量:乘用车:当月值（年度）,万辆,519.7144
496,,,2010,汽车销量:乘用车:当月值（年度）,万辆,514.8546
497,,,2010,进口数量:煤及褐煤(煤炭):当月值（年度）,万吨,7648.0
498,,,2010,铁路客运量:当月值（年度）,万人,125973.0
499,,,2010,铁路货运量:当月值（年度）,万吨,289066.67
500,,,2009,CPI:当月同比（年度）,%,1.8141666666666667
501,,,2009,CPI:消费品:当月同比（年度）,%,1.3533333333333335
502,,,2009,一级市场债券净融资量:合计（年度）,亿元,1624.4855878341666
503,,,2009,个人住房公积金贷款利率:5年以上（年度）,%,4.230000000000001
504,,,2009,中长期贷款利率:5年以上（年度）,%,6.12
505,,,2009,产量:原煤:当月值（年度）,万吨,180990.73
506,,,2009,信托产品:投资领域平均收益:房地产（年度）,%,5.145833333333334
507,,,2009,公路客运量:当月值（年度）,万人,1683600.0
508,,,2009,公路货运量:当月值（年度）,万吨,1313900.0
509,,,2009,出口数量:微型电脑:当月值（年度）,万台,623.0
510,,,2009,制造业PMI:产成品库存（年度）,%,46.13333333333333
511,,,2009,制造业PMI:原材料库存（年度）,%,46.61666666666667
512,,,2009,制造业PMI:新出口订单（年度）,%,57.39166666666666
513,,,2009,制造业PMI:进口（年度）,%,52.39166666666666
514,,,2009,发电量:火电:当月值（年度）,亿千瓦小时,39318.24
515,,,2009,固定资产投资完成额:当月值（年度）,亿元,70874.7
516,,,2009,存管证券只数（年度）,只,1684.0
517,,,2009,存管证券已上市流通市值（年度）,亿元,19436.11
518,,,2009,存管证券面值（年度）,亿元,12113.01
519,,,2009,工业增加值:当月同比（年度）,%,15.445454545454544
520,,,2009,房地产开发投资完成额:当月值（年度）,亿元,14559.65
521,,,2009,月均国际现货价格:航空煤油（年度）,美元/桶,70.03980833333334
522,,,2009,汽车产量:乘用车:当月值（年度）,万辆,393.1807
523,,,2009,汽车销量:乘用车:当月值（年度）,万辆,397.3624
524,,,2009,进口数量:煤及褐煤(煤炭):当月值（年度）,万吨,5228.0
525,,,2009,铁路客运量:当月值（年度）,万人,115100.0
526,,,2009,铁路货运量:当月值（年度）,万吨,267400.0
527,,,2008,CPI:当月同比（年度）,%,3.890833333333333
528,,,2008,CPI:消费品:当月同比（年度）,%,4.59090909090909
529,,,2008,一级市场债券净融资量:合计（年度）,亿元,1015.9063358458332
530,,,2008,个人住房公积金贷款利率:5年以上（年度）,%,6.419
531,,,2008,中长期贷款利率:5年以上（年度）,%,5.8500000000000005
532,,,2008,产量:原煤:当月值（年度）,万吨,156496.85
533,,,2008,信托产品:投资领域平均收益:房地产（年度）,%,4.902500000000001
534,,,2008,公路客运量:当月值（年度）,万人,1629000.0
535,,,2008,公路货运量:当月值（年度）,万吨,1213500.0
536,,,2008,发电量:火电:当月值（年度）,亿千瓦小时,35005.12
537,,,2008,固定资产投资完成额:当月值（年度）,亿元,55333.25
538,,,2008,工业增加值:当月同比（年度）,%,17.07272727272727
539,,,2008,房地产开发投资完成额:当月值（年度）,亿元,12213.44
540,,,2008,进口数量:煤及褐煤(煤炭):当月值（年度）,万吨,3716.0
541,,,2008,铁路客运量:当月值（年度）,万人,107200.0
542,,,2008,铁路货运量:当月值（年度）,万吨,217800.0
543,,,2007,CPI:当月同比（年度）,%,1.1700000000000002
544,,,2007,CPI:消费品:当月同比（年度）,%,0.6599999999999999
545,,,2007,一级市场债券净融资量:合计（年度）,亿元,889.6852166633334
546,,,2007,个人住房公积金贷款利率:5年以上（年度）,%,6.4
547,,,2007,中长期贷款利率:5年以上（年度）,%,5.759999999999999
548,,,2007,产量:原煤:当月值（年度）,万吨,131299.1
549,,,2007,信托产品:投资领域平均收益:房地产（年度）,%,4.4816666666666665
550,,,2007,公路客运量:当月值（年度）,万人,1464900.0
551,,,2007,公路货运量:当月值（年度）,万吨,1104200.0
552,,,2007,发电量:火电:当月值（年度）,亿千瓦小时,30779.5
553,,,2007,固定资产投资完成额:当月值（年度）,亿元,40706.98
554,,,2007,工业增加值:当月同比（年度）,%,16.845454545454547
555,,,2007,房地产开发投资完成额:当月值（年度）,亿元,9507.86
556,,,2007,进口数量:煤及褐煤(煤炭):当月值（年度）,万吨,2154.0
557,,,2007,铁路客运量:当月值（年度）,万人,93000.0
558,,,2007,铁路货运量:当月值（年度）,万吨,198900.0
559,,,2006,CPI:当月同比（年度）,%,-0.766666667
560,,,2006,CPI:消费品:当月同比（年度）,%,-1.588888889
561,,,2006,一级市场债券净融资量:合计（年度）,亿元,660.5266566666667
562,,,2006,个人住房公积金贷款利率:5年以上（年度）,%,6.0
563,,,2006,中长期贷款利率:5年以上（年度）,%,5.797499999999999
564,,,2006,产量:原煤:当月值（年度）,万吨,110807.1
565,,,2006,公路客运量:当月值（年度）,万人,1486200.0
566,,,2006,公路货运量:当月值（年度）,万吨,1072300.0
567,,,2006,发电量:火电:当月值（年度）,亿千瓦小时,26625.26
568,,,2006,固定资产投资完成额:当月值（年度）,亿元,31533.77
569,,,2006,工业增加值:当月同比（年度）,%,12.17272727272727
570,,,2006,房地产开发投资完成额:当月值（年度）,亿元,7319.84
571,,,2006,进口数量:煤及褐煤(煤炭):当月值（年度）,万吨,2160.0
572,,,2006,铁路客运量:当月值（年度）,万人,99900.0
573,,,2006,铁路货运量:当月值（年度）,万吨,186900.0
574,,,2005,CPI:当月同比（年度）,%,0.7241666666666666
575,,,2005,CPI:消费品:当月同比（年度）,%,-1.0
576,,,2005,一级市场债券净融资量:合计（年度）,亿元,427.2838351991666
577,,,2005,个人住房公积金贷款利率:5年以上（年度）,%,6.0
578,,,2005,中长期贷款利率:5年以上（年度）,%,6.21
579,,,2005,产量:原煤:当月值（年度）,万吨,96047.55
580,,,2005,公路客运量:当月值（年度）,万人,1433300.0
581,,,2005,公路货运量:当月值（年度）,万吨,1056200.0
582,,,2005,发电量:火电:当月值（年度）,亿千瓦小时,23273.16
583,,,2005,固定资产投资完成额:当月值（年度）,亿元,26695.89
584,,,2005,工业增加值:当月同比（年度）,%,10.363636363636363
585,,,2005,房地产开发投资完成额:当月值（年度）,亿元,5925.549999999999
586,,,2005,进口数量:煤及褐煤(煤炭):当月值（年度）,万吨,500.0
587,,,2005,铁路客运量:当月值（年度）,万人,99800.0
588,,,2005,铁路货运量:当月值（年度）,万吨,178600.0
589,,,2004,CPI:当月同比（年度）,%,0.3499999999999999
590,,,2004,一级市场债券净融资量:合计（年度）,亿元,385.582481485
591,,,2004,个人住房公积金贷款利率:5年以上（年度）,%,6.0
592,,,2004,中长期贷款利率:5年以上（年度）,%,6.21
593,,,2004,产量:原煤:当月值（年度）,万吨,84939.01999999999
594,,,2004,公路客运量:当月值（年度）,万人,1284800.0
595,,,2004,公路货运量:当月值（年度）,万吨,975300.0
596,,,2004,发电量:火电:当月值（年度）,亿千瓦小时,21509.22
597,,,2004,固定资产投资完成额:当月值（年度）,亿元,23287.95
598,,,2004,工业增加值:当月同比（年度）,%,11.727272727272728
599,,,2004,房地产开发投资完成额:当月值（年度）,亿元,4655.6900000000005
600,,,2004,进口数量:煤及褐煤(煤炭):当月值（年度）,万吨,424.0
601,,,2004,铁路客运量:当月值（年度）,万人,99400.0
602,,,2004,铁路货运量:当月值（年度）,万吨,165600.0
603,,,2003,CPI:当月同比（年度）,%,-1.4
604,,,2003,一级市场债券净融资量:合计（年度）,亿元,352.46083333333337
605,,,2003,个人住房公积金贷款利率:5年以上（年度）,%,7.666666666666667
606,,,2003,中长期贷款利率:5年以上（年度）,%,6.772500000000001
607,,,2003,产量:原煤:当月值（年度）,万吨,96573.78
608,,,2003,公路客运量:当月值（年度）,万人,1282200.0
609,,,2003,公路货运量:当月值（年度）,万吨,959100.0
610,,,2003,发电量:火电:当月值（年度）,亿千瓦小时,19786.26
611,,,2003,固定资产投资完成额:当月值（年度）,亿元,22886.81
612,,,2003,工业增加值:当月同比（年度）,%,7.927272727272726
613,,,2003,房地产开发投资完成额:当月值（年度）,亿元,3825.77
614,,,2003,进口数量:煤及褐煤(煤炭):当月值（年度）,万吨,336.0
615,,,2003,铁路客运量:当月值（年度）,万人,96100.0
616,,,2003,铁路货运量:当月值（年度）,万吨,156700.0
617,,,2002,CPI:当月同比（年度）,%,-0.775
618,,,2002,一级市场债券净融资量:合计（年度）,亿元,644.1136545454547
619,,,2002,个人住房公积金贷款利率:5年以上（年度）,%,8.0
620,,,2002,中长期贷款利率:5年以上（年度）,%,9.1725
621,,,2002,产量:原煤:当月值（年度）,万吨,113767.24
622,,,2002,公路客运量:当月值（年度）,万人,757900.0
623,,,2002,公路货运量:当月值（年度）,万吨,414800.0
624,,,2002,发电量:火电:当月值（年度）,亿千瓦小时,18350.92
625,,,2002,固定资产投资完成额:当月值（年度）,亿元,20448.570000000003
626,,,2002,工业增加值:当月同比（年度）,%,9.8
627,,,2002,房地产开发投资完成额:当月值（年度）,亿元,3436.66
628,,,2002,进口数量:煤及褐煤(煤炭):当月值（年度）,万吨,314.0
629,,,2002,铁路客运量:当月值（年度）,万人,90900.0
630,,,2002,铁路货运量:当月值（年度）,万吨,153700.0
631,,,2001,CPI:当月同比（年度）,%,2.808333333333333
632,,,2001,一级市场债券净融资量:合计（年度）,亿元,340.8544444444445
633,,,2001,中长期贷款利率:5年以上（年度）,%,11.947499999999998
634,,,2001,产量:原煤:当月值（年度）,万吨,135781.62
635,,,2001,公路客运量:当月值（年度）,万人,395000.0
636,,,2001,发电量:火电:当月值（年度）,亿千瓦小时,17653.420000000002
637,,,2001,固定资产投资完成额:当月值（年度）,亿元,18605.61
638,,,2001,房地产开发投资完成额:当月值（年度）,亿元,2978.25
639,,,2001,铁路客运量:当月值（年度）,万人,88600.0
640,,,2001,铁路货运量:当月值（年度）,万吨,162000.0
641,,,2000,CPI:当月同比（年度）,%,8.333333333333334
642,,,2000,一级市场债券净融资量:合计（年度）,亿元,222.1727272727273
643,,,2000,中长期贷款利率:5年以上（年度）,%,14.055
644,,,2000,公路客运量:当月值（年度）,万人,384073.0
645,,,2000,发电量:火电:当月值（年度）,亿千瓦小时,17073.92
646,,,2000,固定资产投资完成额:当月值（年度）,亿元,17092.26
647,,,2000,房地产开发投资完成额:当月值（年度）,亿元,3729.0
648,,,2000,铁路客运量:当月值（年度）,万人,90790.0
649,,,2000,铁路货运量:当月值（年度）,万吨,161502.0
650,,,1999,CPI:当月同比（年度）,%,17.066666666666666
651,,,1999,一级市场债券净融资量:合计（年度）,亿元,179.51333333333335
652,,,1999,中长期贷款利率:5年以上（年度）,%,15.03
653,,,1999,产量:原煤:当月值（年度）,万吨,129149.22999999998
654,,,1999,公路客运量:当月值（年度）,万人,334000.0
655,,,1999,发电量:火电:当月值（年度）,亿千瓦小时,15702.12
656,,,1999,固定资产投资完成额:当月值（年度）,亿元,15200.030000000002
657,,,1999,房地产开发投资完成额:当月值（年度）,亿元,2756.2599999999998
658,,,1999,铁路客运量:当月值（年度）,万人,101700.0
659,,,1999,铁路货运量:当月值（年度）,万吨,159300.0
660,,,1998,CPI:当月同比（年度）,%,24.175
661,,,1998,一级市场债券净融资量:合计（年度）,亿元,140.78166666666667
662,,,1998,中长期贷款利率:5年以上（年度）,%,14.039999999999996
663,,,1998,公路客运量:当月值（年度）,万人,367000.0
664,,,1998,发电量:火电:当月值（年度）,亿千瓦小时,14381.52
665,,,1998,固定资产投资完成额:当月值（年度）,亿元,9279.5
666,,,1998,房地产开发投资完成额:当月值（年度）,亿元,1737.15
667,,,1998,铁路客运量:当月值（年度）,万人,107600.0
668,,,1998,铁路货运量:当月值（年度）,万吨,157100.0
669,,,1997,CPI:当月同比（年度）,%,14.558333333333332
670,,,1997,一级市场债券净融资量:合计（年度）,亿元,70.795
671,,,1997,中长期贷款利率:5年以上（年度）,%,12.3
672,,,1997,产量:原煤:当月值（年度）,万吨,115411.30999999998
673,,,1997,公路客运量:当月值（年度）,万人,387300.0
674,,,1997,发电量:火电:当月值（年度）,亿千瓦小时,13305.4
675,,,1997,固定资产投资完成额:当月值（年度）,亿元,6666.67
676,,,1997,房地产开发投资完成额:当月值（年度）,亿元,1107.4699999999998
677,,,1997,铁路客运量:当月值（年度）,万人,104000.0
678,,,1997,铁路货运量:当月值（年度）,万吨,156600.0
679,,,1996,CPI:当月同比（年度）,%,6.341666666666666
680,,,1996,一级市场债券净融资量:合计（年度）,亿元,43.25
681,,,1996,中长期贷款利率:5年以上（年度）,%,9.72
682,,,1996,产量:原煤:当月值（年度）,万吨,109157.0
683,,,1996,公路客运量:当月值（年度）,万人,444300.0
684,,,1996,发电量:火电:当月值（年度）,亿千瓦小时,12134.8
685,,,1996,固定资产投资完成额:当月值（年度）,亿元,2741.99
686,,,1996,房地产开发投资完成额:当月值（年度）,亿元,471.6499999999999
687,,,1996,铁路客运量:当月值（年度）,万人,98500.0
688,,,1996,铁路货运量:当月值（年度）,万吨,152400.0
689,,,1995,CPI:当月同比（年度）,%,3.5583333333333336
690,,,1995,一级市场债券净融资量:合计（年度）,亿元,31.722500000000004
691,,,1995,中长期贷款利率:5年以上（年度）,%,9.72
692,,,1995,产量:原煤:当月值（年度）,万吨,105499.0
693,,,1995,公路客运量:当月值（年度）,万人,436900.0
694,,,1995,发电量:火电:当月值（年度）,亿千瓦小时,10921.8
695,,,1995,房地产开发投资完成额:当月值（年度）,亿元,236.43
696,,,1995,铁路客运量:当月值（年度）,万人,94900.0
697,,,1995,铁路货运量:当月值（年度）,万吨,147900.0
698,,,1994,CPI:当月同比（年度）,%,3.058333333333333
699,,,1994,一级市场债券净融资量:合计（年度）,亿元,-1.34
700,,,1994,产量:原煤:当月值（年度）,万吨,104639.0
701,,,1994,公路客运量:当月值（年度）,万人,419500.0
702,,,1994,发电量:火电:当月值（年度）,亿千瓦小时,9787.2
703,,,1994,铁路客运量:当月值（年度）,万人,95200.0
704,,,1994,铁路货运量:当月值（年度）,万吨,146300.0
705,,,1993,CPI:当月同比（年度）,%,18.816666666666663
706,,,1993,一级市场债券净融资量:合计（年度）,亿元,61.10666666666666
707,,,1993,产量:原煤:当月值（年度）,万吨,101865.0
708,,,1993,公路客运量:当月值（年度）,万人,428800.0
709,,,1993,发电量:火电:当月值（年度）,亿千瓦小时,9253.8
710,,,1993,铁路客运量:当月值（年度）,万人,112200.0
711,,,1993,铁路货运量:当月值（年度）,万吨,147180.0
712,,,1992,CPI:当月同比（年度）,%,18.73333333333333
713,,,1992,一级市场债券净融资量:合计（年度）,亿元,73.705
714,,,1992,公路客运量:当月值（年度）,万人,440200.0
715,,,1992,铁路客运量:当月值（年度）,万人,119300.0
716,,,1992,铁路货运量:当月值（年度）,万吨,140840.0
717,,,1991,CPI:当月同比（年度）,%,6.675000000000001
718,,,1991,一级市场债券净融资量:合计（年度）,亿元,72.46
719,,,1991,公路客运量:当月值（年度）,万人,453400.0
720,,,1991,公路货运量:当月值（年度）,万吨,0.0
721,,,1991,铁路客运量:当月值（年度）,万人,109000.0
722,,,1991,铁路货运量:当月值（年度）,万吨,136521.0
723,,,1990,CPI:当月同比（年度）,%,6.5
724,,,1990,一级市场债券净融资量:合计（年度）,亿元,13.63
725,,,1990,公路客运量:当月值（年度）,万人,246700.0
726,,,1990,铁路客运量:当月值（年度）,万人,107083.0
727,,,1990,铁路货运量:当月值（年度）,万吨,132211.0
728,,,1989,CPI:当月同比（年度）,%,9.3
729,,,1989,一级市场债券净融资量:合计（年度）,亿元,61.3
730,,,1989,铁路客运量:当月值（年度）,万人,110642.0
731,,,1989,铁路货运量:当月值（年度）,万吨,127515.0
732,,,1988,CPI:当月同比（年度）,%,2.7
733,,,1988,一级市场债券净融资量:合计（年度）,亿元,42.16
734,,,1988,铁路客运量:当月值（年度）,万人,112456.0
735,,,1988,铁路货运量:当月值（年度）,万吨,121101.0
736,,,1987,CPI:当月同比（年度）,%,2.0
737,,,1987,一级市场债券净融资量:合计（年度）,亿元,41.7
738,,,1987,铁路客运量:当月值（年度）,万人,52277.0
739,,,1987,铁路货运量:当月值（年度）,万吨,58796.0
740,,,1986,CPI:当月同比（年度）,%,2.0
741,,,1986,一级市场债券净融资量:合计（年度）,亿元,44.14
742,,,1985,CPI:当月同比（年度）,%,2.5
743,,,1985,一级市场债券净融资量:合计（年度）,亿元,48.66
744,,,1984,CPI:当月同比（年度）,%,7.5
745,,,1983,CPI:当月同比（年度）,%,1.9
746,,,1982,CPI:当月同比（年度）,%,0.7
747,,,1981,CPI:当月同比（年度）,%,2.7
748,,,1980,CPI:当月同比（年度）,%,0.3
749,,,1979,CPI:当月同比（年度）,%,0.4
750,,,1978,CPI:当月同比（年度）,%,0.7
751,,,1977,CPI:当月同比（年度）,%,0.1
752,,,1976,CPI:当月同比（年度）,%,0.2
753,,,1975,CPI:当月同比（年度）,%,-0.1
754,,,1974,CPI:当月同比（年度）,%,0.0
755,,,1974,不分地区:水路货运量:当月值（年度）,万吨,127403.0
756,,,1974,民航客运量:当月值（年度）,万人,643757.3779000001
757,,,1974,规模以上港口:货物吞吐量（年度）,亿吨,8.98700909090909
758,,,1973,CPI:当月同比（年度）,%,1.0
759,,,1972,CPI:当月同比（年度）,%,0.1
760,,,1971,CPI:当月同比（年度）,%,-0.6
761,,,1970,CPI:当月同比（年度）,%,-1.2
762,,,1969,CPI:当月同比（年度）,%,-1.2
763,,,1968,CPI:当月同比（年度）,%,-3.7
764,,,1967,CPI:当月同比（年度）,%,-5.9
765,,,1966,CPI:当月同比（年度）,%,3.8
766,,,1965,CPI:当月同比（年度）,%,16.1
767,,,1964,CPI:当月同比（年度）,%,2.5
768,,,1963,CPI:当月同比（年度）,%,0.3
769,,,1962,CPI:当月同比（年度）,%,-1.1
770,,,1961,CPI:当月同比（年度）,%,2.6
771,,,1960,CPI:当月同比（年度）,%,-0.1
772,,,1959,CPI:当月同比（年度）,%,0.3
773,,,1958,CPI:当月同比（年度）,%,1.4
774,,,1957,CPI:当月同比（年度）,%,5.1
775,,,1956,CPI:当月同比（年度）,%,2.7
776,,,1955,CPI:当月同比（年度）,%,12.5
