id,year,bmCode,companyType,bmCompanyName,completedDate,listingDate,delistingDate,industryId,secondIndustryId,firstClassificationId,secondClassificationId,secondClassification,firstClassification,secondIndustry,industry,province,city,area,exchange,plate,ownership,multipleList,isResult,country,isDelete,companyStatusType,createTime,updateTime
12,2022,200011,国外,凯新科生物科技有限公司,,,,,,0,0,,,房地产,,,,,ASX,Growth,,0,1,澳大利亚,0,0,23/3/2026 09:32:16,23/3/2026 09:32:16
23,2022,200019,国外,恒环创环境科技股份公司,,,,,,0,0,,,食品饮料,,,New York,,ASX,NASDAQ Global Select,,0,1,澳大利亚,0,0,23/3/2026 09:32:16,23/3/2026 09:32:16
33,2022,200025,国外,华车创水电科技公司,,,,,,0,0,,,汽车,,Bavaria,Frankfurt,,TSX,,,0,1,澳大利亚,0,0,23/3/2026 09:32:16,23/3/2026 09:32:16
35,2022,200026,国外,碧控盛新能源汽车控股公司,,,,,,0,0,,,轻工制造,,,Singapore,,XETRA,Standard,,0,1,澳大利亚,0,0,23/3/2026 09:32:16,23/3/2026 09:32:16
36,2022,27,国外,远能远房地产开发科技公司,,,,,,0,0,,,电力热力生产和供应业,电力、热力、燃气及水生产和供应业,California,London,,SGX,Growth,,0,1,澳大利亚,0,0,23/3/2026 09:32:16,23/3/2026 09:32:16
49,2022,37,国外,冀阳昌能源控股公司,,,,,,0,0,,,电力热力生产和供应业,电力、热力、燃气及水生产和供应业,Zurich,Singapore,,XETRA,,,0,1,澳大利亚,0,0,23/3/2026 09:32:16,23/3/2026 09:32:16
53,2022,200039,国外,新盈置房地产开发股份公司,,,,,,0,0,,,机械设备,,Zurich,Sydney,,TSE,Growth,,0,1,澳大利亚,0,0,23/3/2026 09:32:16,23/3/2026 09:32:16
54,2022,40,国外,新新科电器集团公司,,,,,,0,0,,,电力热力生产和供应业,电力、热力、燃气及水生产和供应业,,London,,SGX,Standard,,0,1,澳大利亚,0,0,23/3/2026 09:32:16,23/3/2026 09:32:16
56,2022,43,国外,众禾航生物科技集团公司,,,,,,0,0,,,房地产,,Ontario,Tokyo,,NASDAQ,Standard,,0,1,澳大利亚,0,0,23/3/2026 09:32:16,23/3/2026 09:32:16
68,2022,200058,国外,远通澜水电控股公司,,,,,,0,0,,,商业贸易,,,Singapore,,XETRA,Prime,,0,1,澳大利亚,0,0,23/3/2026 09:32:16,23/3/2026 09:32:16
76,2022,68,国外,联白景传媒控股公司,,,,,,0,0,,,其他科研技术服务,科学研究和技术服务业,Bavaria,,,,NASDAQ Global Select,,0,1,澳大利亚,0,0,23/3/2026 09:32:16,23/3/2026 09:32:16
89,2022,155,国外,保芯瀚环境科技发展公司,,,,,,0,0,,,电力热力生产和供应业,电力、热力、燃气及水生产和供应业,New South Wales,Tokyo,,SGX,,,0,1,澳大利亚,0,0,23/3/2026 09:32:16,23/3/2026 09:32:16
106,2022,200413,国外,星澜景批发发展公司,,,,,,0,0,,,电子,,Zurich,Frankfurt,,,Standard,,0,1,澳大利亚,0,0,23/3/2026 09:32:16,23/3/2026 09:32:16
127,2022,502,国外,招海创玻璃有限公司,,,,,,0,0,,,房地产,,Zurich,Sydney,,,Main Board,,0,1,澳大利亚,0,0,23/3/2026 09:32:16,23/3/2026 09:32:16
141,2022,516,国外,万锦泰生物科技控股公司,,,,,,0,0,,,卫生和社会工作,卫生和社会工作,England,Frankfurt,,TSX,Main Board,,0,1,澳大利亚,0,0,23/3/2026 09:32:16,23/3/2026 09:32:16
150,2022,524,国外,盛澜景综合开发有限公司,,,,,,0,0,,,商务服务业,租赁和商务服务业,Zurich,Frankfurt,,,,,0,1,澳大利亚,0,0,23/3/2026 09:32:16,23/3/2026 09:32:16
194,2022,566,国外,启课瀚医药股份公司,,,,,,0,0,,,制药,医药制造业,Bavaria,New York,,SGX,Growth,,0,1,澳大利亚,0,0,23/3/2026 09:32:16,23/3/2026 09:32:16
222,2022,598,国外,花电骏建筑设计公司,,,,,,0,0,,,水生产和供应业,电力、热力、燃气及水生产和供应业,,London,,TSX,Prime,,0,1,澳大利亚,0,0,23/3/2026 09:32:16,23/3/2026 09:32:16
242,2022,620,国外,联禾置新材料公司,,,,,,0,0,,,住宅,房地产业,Tokyo,Tokyo,,TSE,Prime,,0,1,澳大利亚,0,0,23/3/2026 09:32:16,23/3/2026 09:32:16
245,2022,625,国外,长酷迈环境科技集团公司,,,,,,0,0,,,整车制造业,汽车制造业,New South Wales,Singapore,,,Growth,,0,1,澳大利亚,0,0,23/3/2026 09:32:16,23/3/2026 09:32:16
252,2022,631,国外,远业航新材料发展公司,,,,,,0,0,,,住宅,房地产业,Zurich,Sydney,,NYSE,NASDAQ Global Select,,0,1,澳大利亚,0,0,23/3/2026 09:32:16,23/3/2026 09:32:16
253,2022,632,国外,明芯启能源有限公司,,,,,,0,0,,,批发业,批发和零售业,,New York,,SGX,Prime,,0,1,澳大利亚,0,0,23/3/2026 09:32:16,23/3/2026 09:32:16
260,2022,650,国外,远酷远金融公司,,,,,,0,0,,,制药,医药制造业,Tokyo,New York,,NASDAQ,Standard,,0,1,澳大利亚,0,0,23/3/2026 09:32:16,23/3/2026 09:32:16
270,2022,665,国外,长车启建设开发发展公司,,,,,,0,0,,,文化、体育和娱乐业,文化、体育和娱乐业,Tokyo,New York,,TSX,Prime,,0,1,澳大利亚,0,0,23/3/2026 09:32:16,23/3/2026 09:32:16
284,2022,681,国外,高城禾生物科技公司,,,,,,0,0,,,文化、体育和娱乐业,文化、体育和娱乐业,California,Singapore,,NASDAQ,,,0,1,澳大利亚,0,0,23/3/2026 09:32:16,23/3/2026 09:32:16
285,2022,682,国外,绿晋置数据服务公司,,,,,,0,0,,,软件和信息技术服务,信息传输、软件和信息技术服务业,New South Wales,,,TSX,NASDAQ Global Select,,0,1,澳大利亚,0,0,23/3/2026 09:32:16,23/3/2026 09:32:16
289,2022,687,国外,保锦启电子集团公司,,,,,,0,0,,,通信,,New South Wales,Frankfurt,,,Standard,,0,1,澳大利亚,0,0,23/3/2026 09:32:16,23/3/2026 09:32:16
323,2022,200726,国外,华城澜医药集团公司,,,,,,0,0,,,纺织服装,,California,Singapore,,NYSE,,,0,1,澳大利亚,0,0,23/3/2026 09:32:16,23/3/2026 09:32:16
337,2022,751,国外,花新置零售公司,,,,,,0,0,,,有色金属冶炼和压延加工业,金属冶炼和压延加工业,California,Toronto,,ASX,Main Board,,0,1,澳大利亚,0,0,23/3/2026 09:32:16,23/3/2026 09:32:16
339,2022,753,国外,高阳景财富管理集团公司,,,,,,0,0,,,零售业,批发和零售业,New South Wales,Toronto,,NASDAQ,Prime,,0,1,澳大利亚,0,0,23/3/2026 09:32:16,23/3/2026 09:32:16
349,2022,766,国外,新业昌电子控股公司,,,,,,0,0,,,制药,医药制造业,New South Wales,Frankfurt,,XETRA,Growth,,0,1,澳大利亚,0,0,23/3/2026 09:32:16,23/3/2026 09:32:16
355,2022,779,国外,花尹骏贸易股份公司,,,,,,0,0,,,其他科研技术服务,科学研究和技术服务业,Tokyo,Frankfurt,,,Standard,,0,1,澳大利亚,0,0,23/3/2026 09:32:16,23/3/2026 09:32:16
364,2022,791,国外,凯电迈水务股份公司,,,,,,0,0,,,电力热力生产和供应业,电力、热力、燃气及水生产和供应业,Ontario,Sydney,,,Prime,,0,1,澳大利亚,0,0,23/3/2026 09:32:16,23/3/2026 09:32:16
370,2022,798,国外,物环盛批发集团公司,,,,,,0,0,,,渔业,农、林、牧、渔业,Zurich,,,TSE,Growth,,0,1,澳大利亚,0,0,23/3/2026 09:32:16,23/3/2026 09:32:16
371,2022,799,国外,花锦禾贸易股份公司,,,,,,0,0,,,酒业,食品饮料业,California,Sydney,,NASDAQ,Standard,,0,1,澳大利亚,0,0,23/3/2026 09:32:16,23/3/2026 09:32:16
398,2022,835,国外,保工泰新能源汽车发展公司,,,,,,0,0,,,传媒,,,Frankfurt,,XETRA,Main Board,,0,1,澳大利亚,0,0,23/3/2026 09:32:16,23/3/2026 09:32:16
399,2022,836,国外,众晋盛生物科技公司,,,,,,0,0,,,通信传输设备业,通信传输设备业,England,Tokyo,,LSE,Growth,,0,1,澳大利亚,0,0,23/3/2026 09:32:16,23/3/2026 09:32:16
425,2022,885,国外,联达骏医药有限公司,,,,,,0,0,,,陆路交通运输业,交通运输、仓储和邮政业,England,Frankfurt,,SGX,Growth,,0,1,澳大利亚,0,0,23/3/2026 09:32:16,23/3/2026 09:32:16
433,2022,895,国外,联通骏电子科技公司,,,,,,0,0,,,食品业,食品饮料业,Zurich,Tokyo,,TSX,Prime,,0,1,澳大利亚,0,0,23/3/2026 09:32:16,23/3/2026 09:32:16
435,2022,897,国外,花阳创船舶科技公司,,,,,,0,0,,,住宅,房地产业,Ontario,Tokyo,,SGX,Standard,,0,1,澳大利亚,0,0,23/3/2026 09:32:16,23/3/2026 09:32:16
444,2022,908,国外,明酷骏综合开发发展公司,,,,,,0,0,,,制药,医药制造业,California,Tokyo,,,,,0,1,澳大利亚,0,0,23/3/2026 09:32:16,23/3/2026 09:32:16
456,2022,921,国外,明园智电子科技公司,,,,,,0,0,,,家用电器,消费电子及电气业,Zurich,Tokyo,,ASX,Standard,,0,1,澳大利亚,0,0,23/3/2026 09:32:16,23/3/2026 09:32:16
458,2022,923,国外,高澜泽玻璃控股公司,,,,,,0,0,,,黑色金属开采业,采矿业,Bavaria,Sydney,,NYSE,NASDAQ Global Select,,0,1,澳大利亚,0,0,23/3/2026 09:32:16,23/3/2026 09:32:16
463,2022,929,国外,凯晋禾船舶科技公司,,,,,,0,0,,,酒业,食品饮料业,Tokyo,Tokyo,,TSX,Growth,,0,1,澳大利亚,0,0,23/3/2026 09:32:16,23/3/2026 09:32:16
465,2022,931,国外,长达远财富管理科技公司,,,,,,0,0,,,制药,医药制造业,,Frankfurt,,,Standard,,0,1,澳大利亚,0,0,23/3/2026 09:32:16,23/3/2026 09:32:16
469,2022,936,国外,招园盛财富管理控股公司,,,,,,0,0,,,化学纤维制造业,化学纤维制造业,Ontario,Sydney,,NYSE,Growth,,0,1,澳大利亚,0,0,23/3/2026 09:32:16,23/3/2026 09:32:16
472,2022,939,国外,物源智化工股份公司,,,,,,0,0,,,银行,金融业,Bavaria,Frankfurt,,NYSE,,,0,1,澳大利亚,0,0,23/3/2026 09:32:16,23/3/2026 09:32:16
474,2022,949,国外,星园禾能源集团公司,,,,,,0,0,,,化学纤维制造业,化学纤维制造业,California,Toronto,,LSE,Growth,,0,1,澳大利亚,0,0,23/3/2026 09:32:16,23/3/2026 09:32:16
501,2022,980,国外,星泽骏数据服务有限公司,,,,,,0,0,,,整车制造业,汽车制造业,Tokyo,London,,ASX,NASDAQ Global Select,,0,1,澳大利亚,0,0,23/3/2026 09:32:16,23/3/2026 09:32:16
515,2022,999,国外,凯新源新能源汽车集团公司,,,,,,0,0,,,制药,医药制造业,Ontario,Sydney,,ASX,Growth,,0,1,澳大利亚,0,0,23/3/2026 09:32:16,23/3/2026 09:32:16
522,2022,200468,国外,联源启水务有限公司,,,,,,0,0,,,通信,,Zurich,Singapore,,XETRA,Prime,,0,1,澳大利亚,0,0,23/3/2026 09:32:16,23/3/2026 09:32:16
543,2022,600016,国外,瑞海迈电子科技公司,,,,,,0,0,,,银行,金融业,New South Wales,London,,ASX,Main Board,,0,1,澳大利亚,0,0,23/3/2026 09:32:16,23/3/2026 09:32:16
563,2022,900942,国外,恒源拓实业公司,,,,,,0,0,,,休闲服务,,Tokyo,Toronto,,TSX,Main Board,,0,1,澳大利亚,0,0,23/3/2026 09:32:16,23/3/2026 09:32:16
570,2022,600061,国外,润控创化工有限公司,,,,,,0,0,,,证券,金融业,England,Sydney,,ASX,NASDAQ Global Select,,0,1,澳大利亚,0,0,23/3/2026 09:32:16,23/3/2026 09:32:16
593,2022,600085,国外,长环昌玻璃集团公司,,,,,,0,0,,,制药,医药制造业,Zurich,Tokyo,,XETRA,Growth,,0,1,澳大利亚,0,0,23/3/2026 09:32:16,23/3/2026 09:32:16
599,2022,600091,国外,招工禾环境科技公司,,,,,,0,0,,,化工,,Ontario,,,ASX,Main Board,,0,1,澳大利亚,0,0,23/3/2026 09:32:16,23/3/2026 09:32:16
605,2022,600097,国外,华能联金融公司,,,,,,0,0,,,渔业,农、林、牧、渔业,Tokyo,Sydney,,NYSE,NASDAQ Global Select,,0,1,澳大利亚,0,0,23/3/2026 09:32:16,23/3/2026 09:32:16
607,2022,600099,国外,高能航生物科技发展公司,,,,,,0,0,,,其他,铁路、船舶、航空航天和其他运输设备制造业,Zurich,London,,SGX,,,0,1,澳大利亚,0,0,23/3/2026 09:32:16,23/3/2026 09:32:16
610,2022,600102,国外,明酷澜城市发展集团公司,,,,,,0,0,,,钢铁,,Zurich,Sydney,,SGX,Growth,,0,1,澳大利亚,0,0,23/3/2026 09:32:16,23/3/2026 09:32:16
612,2022,600104,国外,恒通迈零售控股公司,,,,,,0,0,,,整车制造业,汽车制造业,England,Frankfurt,,,,,0,1,澳大利亚,0,0,23/3/2026 09:32:16,23/3/2026 09:32:16
625,2022,600117,国外,物白迈贸易控股公司,,,,,,0,0,,,黑色金属冶炼和压延加工业,金属冶炼和压延加工业,Bavaria,London,,TSE,Prime,,0,1,澳大利亚,0,0,23/3/2026 09:32:16,23/3/2026 09:32:16
626,2022,600118,国外,万环源置业发展公司,,,,,,0,0,,,航空航天,铁路、船舶、航空航天和其他运输设备制造业,England,London,,SGX,Standard,,0,1,澳大利亚,0,0,23/3/2026 09:32:16,23/3/2026 09:32:16
630,2022,600122,国外,十城昌综合开发集团公司,,,,,,0,0,,,商业贸易,,Tokyo,Toronto,,TSX,Growth,,0,1,澳大利亚,0,0,23/3/2026 09:32:16,23/3/2026 09:32:16
633,2022,600126,国外,物课科零售集团公司,,,,,,0,0,,,黑色金属冶炼和压延加工业,金属冶炼和压延加工业,Tokyo,Singapore,,NASDAQ,Main Board,,0,1,澳大利亚,0,0,23/3/2026 09:32:16,23/3/2026 09:32:16
647,2022,600145,国外,华电瀚电子科技公司,,,,,,0,0,,,建筑材料,,England,,,TSE,Main Board,,0,1,澳大利亚,0,0,23/3/2026 09:32:16,23/3/2026 09:32:16
672,2022,600173,国外,比海景环境科技发展公司,,,,,,0,0,,,住宅,房地产业,New South Wales,,,ASX,Growth,,0,1,澳大利亚,0,0,23/3/2026 09:32:16,23/3/2026 09:32:16
681,2022,600183,国外,冀能创生物科技发展公司,,,,,,0,0,,,半导体业,半导体业,Ontario,,,ASX,Prime,,0,1,澳大利亚,0,0,23/3/2026 09:32:16,23/3/2026 09:32:16
709,2022,600212,国外,联海骏传媒科技公司,,,,,,0,0,,,综合,综合,Bavaria,Sydney,,NASDAQ,Prime,,0,1,澳大利亚,0,0,23/3/2026 09:32:16,23/3/2026 09:32:16
715,2022,600219,国外,众业盛能源科技公司,,,,,,0,0,,,有色金属冶炼和压延加工业,金属冶炼和压延加工业,Zurich,Singapore,,TSX,NASDAQ Global Select,,0,1,澳大利亚,0,0,23/3/2026 09:32:16,23/3/2026 09:32:16
722,2022,600226,国外,星芯智贸易有限公司,,,,,,0,0,,,互联网和相关服务,信息传输、软件和信息技术服务业,New South Wales,Tokyo,,,NASDAQ Global Select,,0,1,澳大利亚,0,0,23/3/2026 09:32:16,23/3/2026 09:32:16
723,2022,600227,国外,明泽启金融有限公司,,,,,,0,0,,,制药,医药制造业,England,Tokyo,,TSE,Prime,,0,1,澳大利亚,0,0,23/3/2026 09:32:16,23/3/2026 09:32:16
732,2022,600236,国外,绿能联化工集团公司,,,,,,0,0,,,电力热力生产和供应业,电力、热力、燃气及水生产和供应业,Ontario,Tokyo,,TSE,Standard,,0,1,澳大利亚,0,0,23/3/2026 09:32:16,23/3/2026 09:32:16
770,2022,600278,国外,新盈远能源科技公司,,,,,,0,0,,,批发业,批发和零售业,California,London,,XETRA,Prime,,0,1,澳大利亚,0,0,23/3/2026 09:32:16,23/3/2026 09:32:16
774,2022,600282,国外,明车航能源控股公司,,,,,,0,0,,,黑色金属冶炼和压延加工业,金属冶炼和压延加工业,Bavaria,Toronto,,XETRA,Prime,,0,1,澳大利亚,0,0,23/3/2026 09:32:16,23/3/2026 09:32:16
792,2022,600301,国外,碧酷瀚电器科技公司,,,,,,0,0,,,化工原料,化学原料和化学制品制造业,England,Tokyo,,TSE,NASDAQ Global Select,,0,1,澳大利亚,0,0,23/3/2026 09:32:16,23/3/2026 09:32:16
793,2022,600302,国外,启新昌能源集团公司,,,,,,0,0,,,其他专用设备制造业,专用设备制造业,Zurich,,,TSX,Main Board,,0,1,澳大利亚,0,0,23/3/2026 09:32:16,23/3/2026 09:32:16
795,2022,600305,国外,明盈迈零售股份公司,,,,,,0,0,,,食品业,食品饮料业,New South Wales,Singapore,,TSX,Main Board,,0,1,澳大利亚,0,0,23/3/2026 09:32:16,23/3/2026 09:32:16
799,2022,600309,国外,华能泽新材料有限公司,,,,,,0,0,,,化工原料,化学原料和化学制品制造业,Tokyo,Toronto,,SGX,Growth,,0,1,澳大利亚,0,0,23/3/2026 09:32:16,23/3/2026 09:32:16
802,2022,600312,国外,碧会科零售集团公司,,,,,,0,0,,,电机制造业,商业电气机械和器材制造业,Bavaria,Toronto,,LSE,Main Board,,0,1,澳大利亚,0,0,23/3/2026 09:32:16,23/3/2026 09:32:16
807,2022,600318,国外,长能智建筑设计控股公司,,,,,,0,0,,,多元金融,金融业,,Toronto,,TSX,,,0,1,澳大利亚,0,0,23/3/2026 09:32:16,23/3/2026 09:32:16
809,2022,600320,国外,华桥禾金融发展公司,,,,,,0,0,,,其他专用设备制造业,专用设备制造业,Zurich,Sydney,,TSX,Prime,,0,1,澳大利亚,0,0,23/3/2026 09:32:16,23/3/2026 09:32:16
820,2022,600331,国外,高会泰水务股份公司,,,,,,0,0,,,有色金属冶炼和压延加工业,金属冶炼和压延加工业,,London,,ASX,Prime,,0,1,澳大利亚,0,0,23/3/2026 09:32:16,23/3/2026 09:32:16
824,2022,600336,国外,十禾瀚零售集团公司,,,,,,0,0,,,家用电器,消费电子及电气业,New South Wales,,,SGX,Standard,,0,1,澳大利亚,0,0,23/3/2026 09:32:16,23/3/2026 09:32:16
829,2022,600343,国外,明新骏水电发展公司,,,,,,0,0,,,其他专用设备制造业,专用设备制造业,,Tokyo,,XETRA,Main Board,,0,1,澳大利亚,0,0,23/3/2026 09:32:16,23/3/2026 09:32:16
831,2022,600346,国外,高达盛集成电路公司,,,,,,0,0,,,化学纤维制造业,化学纤维制造业,California,Frankfurt,,TSE,Prime,,0,1,澳大利亚,0,0,23/3/2026 09:32:16,23/3/2026 09:32:16
835,2022,600352,国外,联车科建设开发有限公司,,,,,,0,0,,,精细化工,化学原料和化学制品制造业,Zurich,,,LSE,NASDAQ Global Select,,0,1,澳大利亚,0,0,23/3/2026 09:32:16,23/3/2026 09:32:16
847,2022,600365,国外,比晋盛生物科技股份公司,,,,,,0,0,,,酒业,食品饮料业,California,,,TSX,Growth,,0,1,澳大利亚,0,0,23/3/2026 09:32:16,23/3/2026 09:32:16
850,2022,600368,国外,物工禾能源集团公司,,,,,,0,0,,,陆路交通运输业,交通运输、仓储和邮政业,Bavaria,Sydney,,ASX,Main Board,,0,1,澳大利亚,0,0,23/3/2026 09:32:16,23/3/2026 09:32:16
854,2022,600372,国外,碧晋置船舶公司,,,,,,0,0,,,航空航天,铁路、船舶、航空航天和其他运输设备制造业,Ontario,,,ASX,Prime,,0,1,澳大利亚,0,0,23/3/2026 09:32:16,23/3/2026 09:32:16
867,2022,600387,国外,明锦景数据服务科技公司,,,,,,0,0,,,批发业,批发和零售业,England,Singapore,,XETRA,NASDAQ Global Select,,0,1,澳大利亚,0,0,23/3/2026 09:32:16,23/3/2026 09:32:16
874,2022,600395,国外,万能泰新能源汽车有限公司,,,,,,0,0,,,煤炭开采业,采矿业,California,New York,,TSX,Main Board,,0,1,澳大利亚,0,0,23/3/2026 09:32:16,23/3/2026 09:32:16
885,2022,600409,国外,花新源城市发展发展公司,,,,,,0,0,,,化工原料,化学原料和化学制品制造业,California,Singapore,,TSX,Growth,,0,1,澳大利亚,0,0,23/3/2026 09:32:16,23/3/2026 09:32:16
888,2022,600416,国外,星桥润新材料股份公司,,,,,,0,0,,,通用设备制造业,通用设备制造业,Zurich,Singapore,,TSX,Growth,,0,1,澳大利亚,0,0,23/3/2026 09:32:16,23/3/2026 09:32:16
889,2022,600418,国外,万环置批发控股公司,,,,,,0,0,,,整车制造业,汽车制造业,Bavaria,,,SGX,NASDAQ Global Select,,0,1,澳大利亚,0,0,23/3/2026 09:32:16,23/3/2026 09:32:16
891,2022,600420,国外,十阳智通信控股公司,,,,,,0,0,,,制药,医药制造业,Ontario,London,,,Growth,,0,1,澳大利亚,0,0,23/3/2026 09:32:16,23/3/2026 09:32:16
892,2022,600421,国外,凯酷润金融控股公司,,,,,,0,0,,,通用设备制造业,通用设备制造业,New South Wales,New York,,LSE,NASDAQ Global Select,,0,1,澳大利亚,0,0,23/3/2026 09:32:16,23/3/2026 09:32:16
913,2022,600459,国外,盛工科集成电路集团公司,,,,,,0,0,,,有色金属冶炼和压延加工业,金属冶炼和压延加工业,England,Tokyo,,NYSE,Standard,,0,1,澳大利亚,0,0,23/3/2026 09:32:16,23/3/2026 09:32:16
917,2022,600463,国外,众课远零售集团公司,,,,,,0,0,,,土木工程,建筑业,California,Sydney,,NASDAQ,NASDAQ Global Select,,0,1,澳大利亚,0,0,23/3/2026 09:32:16,23/3/2026 09:32:16
926,2022,600478,国外,华澜智建设开发发展公司,,,,,,0,0,,,电池制造业,商业电气机械和器材制造业,Bavaria,Singapore,,ASX,Standard,,0,1,澳大利亚,0,0,23/3/2026 09:32:16,23/3/2026 09:32:16
934,2022,600488,国外,润城源船舶有限公司,,,,,,0,0,,,制药,医药制造业,Zurich,,,,Main Board,,0,1,澳大利亚,0,0,23/3/2026 09:32:16,23/3/2026 09:32:16
935,2022,600489,国外,绿源启连锁有限公司,,,,,,0,0,,,有色金属开采业,采矿业,Ontario,Sydney,,ASX,Prime,,0,1,澳大利亚,0,0,23/3/2026 09:32:16,23/3/2026 09:32:16
936,2022,600490,国外,启禾启置业科技公司,,,,,,0,0,,,有色金属冶炼和压延加工业,金属冶炼和压延加工业,,New York,,NYSE,Main Board,,0,1,澳大利亚,0,0,23/3/2026 09:32:16,23/3/2026 09:32:16
984,2022,600547,国外,联禾迈贸易发展公司,,,,,,0,0,,,有色金属开采业,采矿业,Bavaria,New York,,TSX,Growth,,0,1,澳大利亚,0,0,23/3/2026 09:32:16,23/3/2026 09:32:16
994,2022,600557,国外,启酷拓水务发展公司,,,,,,0,0,,,制药,医药制造业,Bavaria,Singapore,,TSE,Growth,,0,1,澳大利亚,0,0,23/3/2026 09:32:16,23/3/2026 09:32:16
1013,2022,600578,国外,比电泰建设开发集团公司,,,,,,0,0,,,电力热力生产和供应业,电力、热力、燃气及水生产和供应业,England,Frankfurt,,,Prime,,0,1,澳大利亚,0,0,23/3/2026 09:32:16,23/3/2026 09:32:16
1030,2022,600595,国外,华工昌新材料公司,,,,,,0,0,,,有色金属冶炼和压延加工业,金属冶炼和压延加工业,California,Tokyo,,XETRA,Growth,,0,1,澳大利亚,0,0,23/3/2026 09:32:16,23/3/2026 09:32:16
1036,2022,600601,国外,明城启贸易股份公司,,,,,,0,0,,,半导体业,半导体业,Zurich,Frankfurt,,XETRA,Standard,,0,1,澳大利亚,0,0,23/3/2026 09:32:16,23/3/2026 09:32:16
1054,2022,900904,国外,北能润数据服务有限公司,,,,,,0,0,,,医药生物,,England,Toronto,,NYSE,Growth,,0,1,澳大利亚,0,0,23/3/2026 09:32:16,23/3/2026 09:32:16
1058,2022,600616,国外,新锦创电器公司,,,,,,0,0,,,酒业,食品饮料业,England,Sydney,,,Prime,,0,1,澳大利亚,0,0,23/3/2026 09:32:16,23/3/2026 09:32:16
1074,2022,600629,国外,科源盛通信集团公司,,,,,,0,0,,,其他科研技术服务,科学研究和技术服务业,Bavaria,New York,,NYSE,Growth,,0,1,澳大利亚,0,0,23/3/2026 09:32:16,23/3/2026 09:32:16
1084,2022,900911,国外,凯电泽房地产开发发展公司,,,,,,0,0,,,房地产,,Tokyo,Toronto,,TSX,Growth,,0,1,澳大利亚,0,0,23/3/2026 09:32:16,23/3/2026 09:32:16
1092,2022,600648,国外,碧通泰通信有限公司,,,,,,0,0,,,批发业,批发和零售业,,London,,LSE,Prime,,0,1,澳大利亚,0,0,23/3/2026 09:32:16,23/3/2026 09:32:16
1093,2022,900912,国外,保业拓实业集团公司,,,,,,0,0,,,房地产,,California,Toronto,,ASX,Main Board,,0,1,澳大利亚,0,0,23/3/2026 09:32:16,23/3/2026 09:32:16
1098,2022,600652,国外,润通泰城市发展公司,,,,,,0,0,,,传媒,,New South Wales,Singapore,,LSE,Prime,,0,1,澳大利亚,0,0,23/3/2026 09:32:16,23/3/2026 09:32:16
1101,2022,600655,国外,长业禾实业集团公司,,,,,,0,0,,,零售业,批发和零售业,Zurich,Sydney,,NYSE,Prime,,0,1,澳大利亚,0,0,23/3/2026 09:32:16,23/3/2026 09:32:16
1117,2022,600674,国外,十能智连锁科技公司,,,,,,0,0,,,电力热力生产和供应业,电力、热力、燃气及水生产和供应业,Tokyo,Toronto,,ASX,NASDAQ Global Select,,0,1,澳大利亚,0,0,23/3/2026 09:32:16,23/3/2026 09:32:16
1118,2022,600675,国外,冀工泰综合开发有限公司,,,,,,0,0,,,住宅,房地产业,New South Wales,,,NASDAQ,Prime,,0,1,澳大利亚,0,0,23/3/2026 09:32:16,23/3/2026 09:32:16
1129,2022,600684,国外,花会盛金融有限公司,,,,,,0,0,,,住宅,房地产业,England,London,,TSX,Main Board,,0,1,澳大利亚,0,0,23/3/2026 09:32:16,23/3/2026 09:32:16
1141,2022,600695,国外,保工瀚环境科技集团公司,,,,,,0,0,,,农林牧渔,,,London,,ASX,Main Board,,0,1,澳大利亚,0,0,23/3/2026 09:32:16,23/3/2026 09:32:16
1176,2022,600729,国外,高达远建设开发集团公司,,,,,,0,0,,,零售业,批发和零售业,Ontario,,,SGX,Growth,,0,1,澳大利亚,0,0,23/3/2026 09:32:16,23/3/2026 09:32:16
1206,2022,600758,国外,冀能骏环境科技控股公司,,,,,,0,0,,,煤炭开采业,采矿业,Zurich,Tokyo,,TSX,Growth,,0,1,澳大利亚,0,0,23/3/2026 09:32:16,23/3/2026 09:32:16
1209,2022,600761,国外,润环迈建筑设计控股公司,,,,,,0,0,,,其他专用设备制造业,专用设备制造业,California,Singapore,,TSE,,,0,1,澳大利亚,0,0,23/3/2026 09:32:16,23/3/2026 09:32:16
1213,2022,600766,国外,润尹瀚置业股份公司,,,,,,0,0,,,综合,综合,Tokyo,,,ASX,Growth,,0,1,澳大利亚,0,0,23/3/2026 09:32:16,23/3/2026 09:32:16
1214,2022,600767,国外,保尹置电子科技公司,,,,,,0,0,,,医药生物,,England,Singapore,,TSX,Standard,,0,1,澳大利亚,0,0,23/3/2026 09:32:16,23/3/2026 09:32:16
1217,2022,600770,国外,万新创环境科技有限公司,,,,,,0,0,,,综合,综合,England,Singapore,,XETRA,Standard,,0,1,澳大利亚,0,0,23/3/2026 09:32:16,23/3/2026 09:32:16
1224,2022,600777,国外,星新瀚水务公司,,,,,,0,0,,,石油天然气开采业,采矿业,Ontario,Sydney,,TSX,NASDAQ Global Select,,0,1,澳大利亚,0,0,23/3/2026 09:32:16,23/3/2026 09:32:16
1225,2022,600778,国外,比芯昌数据服务公司,,,,,,0,0,,,零售业,批发和零售业,California,Sydney,,SGX,,,0,1,澳大利亚,0,0,23/3/2026 09:32:16,23/3/2026 09:32:16
1281,2022,600832,国外,冀尹盛传媒公司,,,,,,0,0,,,传媒,,Ontario,Sydney,,NASDAQ,NASDAQ Global Select,,0,1,澳大利亚,0,0,23/3/2026 09:32:16,23/3/2026 09:32:16
1287,2022,600837,国外,众白创实业有限公司,,,,,,0,0,,,证券,金融业,Tokyo,Frankfurt,,NYSE,,,0,1,澳大利亚,0,0,23/3/2026 09:32:16,23/3/2026 09:32:16
1291,2022,600841,国外,保尹拓置业发展公司,,,,,,0,0,,,通用设备制造业,通用设备制造业,Tokyo,New York,,TSX,Prime,,0,1,澳大利亚,0,0,23/3/2026 09:32:16,23/3/2026 09:32:16
1298,2022,600845,国外,启尹昌实业发展公司,,,,,,0,0,,,软件和信息技术服务,信息传输、软件和信息技术服务业,Zurich,,,ASX,NASDAQ Global Select,,0,1,澳大利亚,0,0,23/3/2026 09:32:16,23/3/2026 09:32:16
1303,2022,900928,国外,万城澜零售集团公司,,,,,,0,0,,,房地产,,Zurich,Frankfurt,,ASX,Growth,,0,1,澳大利亚,0,0,23/3/2026 09:32:16,23/3/2026 09:32:16
1314,2022,600859,国外,招城泽综合开发控股公司,,,,,,0,0,,,零售业,批发和零售业,California,Sydney,,NYSE,NASDAQ Global Select,,0,1,澳大利亚,0,0,23/3/2026 09:32:16,23/3/2026 09:32:16
1315,2022,600860,国外,联会远零售股份公司,,,,,,0,0,,,其他专用设备制造业,专用设备制造业,,Singapore,,XETRA,Prime,,0,1,澳大利亚,0,0,23/3/2026 09:32:16,23/3/2026 09:32:16
1328,2022,600873,国外,润达昌综合开发发展公司,,,,,,0,0,,,食品业,食品饮料业,England,London,,NASDAQ,Growth,,0,1,澳大利亚,0,0,23/3/2026 09:32:16,23/3/2026 09:32:16
1343,2022,600889,国外,润课盛连锁集团公司,,,,,,0,0,,,化学纤维制造业,化学纤维制造业,Zurich,Singapore,,NASDAQ,NASDAQ Global Select,,0,1,澳大利亚,0,0,23/3/2026 09:32:16,23/3/2026 09:32:16
1364,2022,600988,国外,新桥航置业公司,,,,,,0,0,,,有色金属开采业,采矿业,Ontario,Singapore,,NASDAQ,Main Board,,0,1,澳大利亚,0,0,23/3/2026 09:32:16,23/3/2026 09:32:16
1365,2022,600990,国外,花澜骏新能源汽车公司,,,,,,0,0,,,其他制造业,其他制造业,Bavaria,Singapore,,SGX,Main Board,,0,1,澳大利亚,0,0,23/3/2026 09:32:16,23/3/2026 09:32:16
1370,2022,600997,国外,恒阳联置业股份公司,,,,,,0,0,,,石油加工、炼焦和核燃料加工业,石油加工、炼焦和核燃料加工业,New South Wales,Singapore,,SGX,Main Board,,0,1,澳大利亚,0,0,23/3/2026 09:32:16,23/3/2026 09:32:16
1371,2022,900929,国外,远城景数据服务发展公司,,,,,,0,0,,,休闲服务,,,,,,NASDAQ Global Select,,0,1,澳大利亚,0,0,23/3/2026 09:32:16,23/3/2026 09:32:16
1372,2022,900935,国外,长晋科传媒公司,,,,,,0,0,,,机械设备,,California,Singapore,,TSE,Prime,,0,1,澳大利亚,0,0,23/3/2026 09:32:16,23/3/2026 09:32:16
1379,2022,900956,国外,万园迈电器有限公司,,,,,,0,0,,,家用电器,,New South Wales,London,,XETRA,Main Board,,0,1,澳大利亚,0,0,23/3/2026 09:32:16,23/3/2026 09:32:16
1391,2022,2011,国外,众电迈电子科技公司,,,,,,0,0,,,通用设备制造业,通用设备制造业,Ontario,Toronto,,XETRA,Prime,,0,1,澳大利亚,0,0,23/3/2026 09:32:16,23/3/2026 09:32:16
1392,2022,2012,国外,比源置水务公司,,,,,,0,0,,,造纸和纸制品业,造纸和纸制品业,,Singapore,,ASX,Main Board,,0,1,澳大利亚,0,0,23/3/2026 09:32:16,23/3/2026 09:32:16
1395,2022,2015,国外,润会拓电器集团公司,,,,,,0,0,,,电力热力生产和供应业,电力、热力、燃气及水生产和供应业,,Frankfurt,,NYSE,NASDAQ Global Select,,0,1,澳大利亚,0,0,23/3/2026 09:32:16,23/3/2026 09:32:16
1398,2022,2019,国外,绿芯骏水电控股公司,,,,,,0,0,,,制药,医药制造业,New South Wales,Toronto,,,Growth,,0,1,澳大利亚,0,0,23/3/2026 09:32:16,23/3/2026 09:32:16
1420,2022,600482,国外,众锦澜置业集团公司,,,,,,0,0,,,船舶,铁路、船舶、航空航天和其他运输设备制造业,Ontario,Frankfurt,,,Growth,,0,1,澳大利亚,0,0,23/3/2026 09:32:16,23/3/2026 09:32:16
1422,2022,600962,国外,润桥迈置业科技公司,,,,,,0,0,,,饮料业,食品饮料业,,Toronto,,LSE,Prime,,0,1,澳大利亚,0,0,23/3/2026 09:32:16,23/3/2026 09:32:16
1431,2022,600984,国外,比盈置水电控股公司,,,,,,0,0,,,其他专用设备制造业,专用设备制造业,New South Wales,New York,,TSX,Main Board,,0,1,澳大利亚,0,0,23/3/2026 09:32:16,23/3/2026 09:32:16
1443,2022,2046,国外,恒白航建筑设计股份公司,,,,,,0,0,,,通用设备制造业,通用设备制造业,New South Wales,New York,,XETRA,NASDAQ Global Select,,0,1,澳大利亚,0,0,23/3/2026 09:32:16,23/3/2026 09:32:16
1460,2022,2059,国外,新控联玻璃控股公司,,,,,,0,0,,,水利、环境和公共设施管理业,水利、环境和公共设施管理业,England,Singapore,,NYSE,Growth,,0,1,澳大利亚,0,0,23/3/2026 09:32:16,23/3/2026 09:32:16
1475,2022,2069,国外,星晋盛批发公司,,,,,,0,0,,,渔业,农、林、牧、渔业,,Tokyo,,ASX,,,0,1,澳大利亚,0,0,23/3/2026 09:32:16,23/3/2026 09:32:16
1476,2022,2279,国外,科控创新材料公司,,,,,,0,0,,,软件和信息技术服务,信息传输、软件和信息技术服务业,,Toronto,,SGX,Main Board,,0,1,澳大利亚,0,0,23/3/2026 09:32:16,23/3/2026 09:32:16
1477,2022,2070,国外,十尹启集成电路发展公司,,,,,,0,0,,,有色金属,,Zurich,,,NASDAQ,,,0,1,澳大利亚,0,0,23/3/2026 09:32:16,23/3/2026 09:32:16
1488,2022,2078,国外,启锦骏船舶集团公司,,,,,,0,0,,,造纸和纸制品业,造纸和纸制品业,New South Wales,London,,NASDAQ,Prime,,0,1,澳大利亚,0,0,23/3/2026 09:32:16,23/3/2026 09:32:16
1503,2022,2090,国外,远电澜批发发展公司,,,,,,0,0,,,电机制造业,商业电气机械和器材制造业,Ontario,Frankfurt,,,,,0,1,澳大利亚,0,0,23/3/2026 09:32:16,23/3/2026 09:32:16
1507,2022,2095,国外,招阳泽批发集团公司,,,,,,0,0,,,互联网和相关服务,信息传输、软件和信息技术服务业,Zurich,Tokyo,,NASDAQ,,,0,1,澳大利亚,0,0,23/3/2026 09:32:16,23/3/2026 09:32:16
1508,2022,2094,国外,润新联水电公司,,,,,,0,0,,,日化产品,化学原料和化学制品制造业,Ontario,Frankfurt,,NYSE,Main Board,,0,1,澳大利亚,0,0,23/3/2026 09:32:16,23/3/2026 09:32:16
1515,2022,2096,国外,众尹骏房地产开发股份公司,,,,,,0,0,,,化工原料,化学原料和化学制品制造业,Ontario,Toronto,,,NASDAQ Global Select,,0,1,澳大利亚,0,0,23/3/2026 09:32:16,23/3/2026 09:32:16
1521,2022,2110,国外,碧车瀚建设开发股份公司,,,,,,0,0,,,黑色金属冶炼和压延加工业,金属冶炼和压延加工业,,New York,,NYSE,Main Board,,0,1,澳大利亚,0,0,23/3/2026 09:32:16,23/3/2026 09:32:16
1538,2022,2118,国外,万晋启集成电路科技公司,,,,,,0,0,,,制药,医药制造业,California,Frankfurt,,TSX,Standard,,0,1,澳大利亚,0,0,23/3/2026 09:32:16,23/3/2026 09:32:16
1551,2022,2130,国外,凯会昌连锁控股公司,,,,,,0,0,,,其他制造业,其他制造业,,Singapore,,XETRA,Main Board,,0,1,澳大利亚,0,0,23/3/2026 09:32:16,23/3/2026 09:32:16
1580,2022,2148,国外,凯环锦综合开发控股公司,,,,,,0,0,,,软件和信息技术服务,信息传输、软件和信息技术服务业,Zurich,Tokyo,,LSE,NASDAQ Global Select,,0,1,澳大利亚,0,0,23/3/2026 09:32:16,23/3/2026 09:32:16
1585,2022,2157,国外,科控远电器发展公司,,,,,,0,0,,,牧业,农、林、牧、渔业,Bavaria,London,,SGX,,,0,1,澳大利亚,0,0,23/3/2026 09:32:16,23/3/2026 09:32:16
1591,2022,2168,国外,瑞电科水电股份公司,,,,,,0,0,,,互联网和相关服务,信息传输、软件和信息技术服务业,Zurich,Singapore,,ASX,Prime,,0,1,澳大利亚,0,0,23/3/2026 09:32:16,23/3/2026 09:32:16
1606,2022,2172,国外,瑞海锦传媒科技公司,,,,,,0,0,,,化学纤维制造业,化学纤维制造业,England,Sydney,,,Growth,,0,1,澳大利亚,0,0,23/3/2026 09:32:16,23/3/2026 09:32:16
1607,2022,2174,国外,长尹置通信发展公司,,,,,,0,0,,,互联网和相关服务,信息传输、软件和信息技术服务业,Zurich,New York,,TSX,,,0,1,澳大利亚,0,0,23/3/2026 09:32:16,23/3/2026 09:32:16
1615,2022,2178,国外,众工迈新能源汽车集团公司,,,,,,0,0,,,其他科研技术服务,科学研究和技术服务业,,Tokyo,,NYSE,Growth,,0,1,澳大利亚,0,0,23/3/2026 09:32:16,23/3/2026 09:32:16
1633,2022,2195,国外,物尹盛零售发展公司,,,,,,0,0,,,软件和信息技术服务,信息传输、软件和信息技术服务业,England,Singapore,,NASDAQ,Growth,,0,1,澳大利亚,0,0,23/3/2026 09:32:16,23/3/2026 09:32:16
1634,2022,300213,国外,新桥置水电集团公司,,,,,,0,0,,,通信传输设备业,通信传输设备业,New South Wales,New York,,ASX,Growth,,0,1,澳大利亚,0,0,23/3/2026 09:32:16,23/3/2026 09:32:16
1637,2022,2198,国外,比芯瀚建筑设计科技公司,,,,,,0,0,,,制药,医药制造业,California,Singapore,,LSE,Main Board,,0,1,澳大利亚,0,0,23/3/2026 09:32:16,23/3/2026 09:32:16
1645,2022,601866,国外,新盈联新能源汽车股份公司,,,,,,0,0,,,水路交通运输业,交通运输、仓储和邮政业,,New York,,ASX,Standard,,0,1,澳大利亚,0,0,23/3/2026 09:32:16,23/3/2026 09:32:16
1671,2022,601186,国外,凯课盛连锁发展公司,,,,,,0,0,,,土木工程,建筑业,Zurich,Tokyo,,SGX,Growth,,0,1,澳大利亚,0,0,23/3/2026 09:32:16,23/3/2026 09:32:16
1679,2022,2235,国外,盛环科综合开发股份公司,,,,,,0,0,,,互联网和相关服务,信息传输、软件和信息技术服务业,,,,TSE,Main Board,,0,1,澳大利亚,0,0,23/3/2026 09:32:16,23/3/2026 09:32:16
1692,2022,2240,国外,碧课骏电器集团公司,,,,,,0,0,,,有色金属冶炼和压延加工业,金属冶炼和压延加工业,Ontario,Sydney,,XETRA,Main Board,,0,1,澳大利亚,0,0,23/3/2026 09:32:16,23/3/2026 09:32:16
1701,2022,2274,国外,远业联玻璃集团公司,,,,,,0,0,,,化肥,化学原料和化学制品制造业,California,Singapore,,TSE,NASDAQ Global Select,,0,1,澳大利亚,0,0,23/3/2026 09:32:16,23/3/2026 09:32:16
1703,2022,2256,国外,星海科综合开发发展公司,,,,,,0,0,,,精细化工,化学原料和化学制品制造业,Zurich,Sydney,,SGX,,,0,1,澳大利亚,0,0,23/3/2026 09:32:16,23/3/2026 09:32:16
1711,2022,2250,国外,盛源科综合开发公司,,,,,,0,0,,,精细化工,化学原料和化学制品制造业,England,Sydney,,NASDAQ,Main Board,,0,1,澳大利亚,0,0,23/3/2026 09:32:16,23/3/2026 09:32:16
1712,2022,601668,国外,盛酷联电子公司,,,,,,0,0,,,房屋建筑,建筑业,New South Wales,Sydney,,TSX,Prime,,0,1,澳大利亚,0,0,23/3/2026 09:32:16,23/3/2026 09:32:16
1718,2022,2272,国外,星车迈化工控股公司,,,,,,0,0,,,通用设备制造业,通用设备制造业,Ontario,Frankfurt,,NASDAQ,Standard,,0,1,澳大利亚,0,0,23/3/2026 09:32:16,23/3/2026 09:32:16
1731,2022,2277,国外,碧课拓贸易有限公司,,,,,,0,0,,,零售业,批发和零售业,California,Tokyo,,,Growth,,0,1,澳大利亚,0,0,23/3/2026 09:32:16,23/3/2026 09:32:16
1740,2022,2288,国外,华园禾房地产开发股份公司,,,,,,0,0,,,半导体业,半导体业,England,New York,,,,,0,1,澳大利亚,0,0,23/3/2026 09:32:16,23/3/2026 09:32:16
1745,2022,2291,国外,物海昌实业发展公司,,,,,,0,0,,,纺织鞋服业,纺织鞋服业,Tokyo,Tokyo,,ASX,NASDAQ Global Select,,0,1,澳大利亚,0,0,23/3/2026 09:32:16,23/3/2026 09:32:16
1758,2022,2446,国外,润课泽金融发展公司,,,,,,0,0,,,通信传输设备业,通信传输设备业,Tokyo,,,ASX,Standard,,0,1,澳大利亚,0,0,23/3/2026 09:32:16,23/3/2026 09:32:16
1764,2022,2298,国外,碧酷泰批发集团公司,,,,,,0,0,,,软件和信息技术服务,信息传输、软件和信息技术服务业,Zurich,,,TSE,,,0,1,澳大利亚,0,0,23/3/2026 09:32:16,23/3/2026 09:32:16
1766,2022,601888,国外,碧晋迈综合开发控股公司,,,,,,0,0,,,商务服务业,租赁和商务服务业,Ontario,Sydney,,NYSE,Main Board,,0,1,澳大利亚,0,0,23/3/2026 09:32:16,23/3/2026 09:32:16
1767,2022,2299,国外,北白科通信集团公司,,,,,,0,0,,,牧业,农、林、牧、渔业,California,New York,,,Prime,,0,1,澳大利亚,0,0,23/3/2026 09:32:16,23/3/2026 09:32:16
1779,2022,2303,国外,联尹景新材料公司,,,,,,0,0,,,造纸和纸制品业,造纸和纸制品业,,,,TSX,Standard,,0,1,澳大利亚,0,0,23/3/2026 09:32:16,23/3/2026 09:32:16
1786,2022,2311,国外,北阳启综合开发控股公司,,,,,,0,0,,,食品业,食品饮料业,,Sydney,,XETRA,Main Board,,0,1,澳大利亚,0,0,23/3/2026 09:32:16,23/3/2026 09:32:16
1799,2022,2474,国外,长桥泰新材料股份公司,,,,,,0,0,,,软件和信息技术服务,信息传输、软件和信息技术服务业,,New York,,TSX,Growth,,0,1,澳大利亚,0,0,23/3/2026 09:32:16,23/3/2026 09:32:16
1814,2022,300013,国外,润园瀚建设开发公司,,,,,,0,0,,,仓储业,交通运输、仓储和邮政业,Ontario,Toronto,,SGX,Prime,,0,1,澳大利亚,0,0,23/3/2026 09:32:16,23/3/2026 09:32:16
1821,2022,300017,国外,远园远环境科技集团公司,,,,,,0,0,,,软件和信息技术服务,信息传输、软件和信息技术服务业,England,New York,,TSX,Main Board,,0,1,澳大利亚,0,0,23/3/2026 09:32:16,23/3/2026 09:32:16
1827,2022,300024,国外,冀盈源实业股份公司,,,,,,0,0,,,通用设备制造业,通用设备制造业,Tokyo,New York,,TSE,Growth,,0,1,澳大利亚,0,0,23/3/2026 09:32:16,23/3/2026 09:32:16
1838,2022,2326,国外,润能远批发有限公司,,,,,,0,0,,,精细化工,化学原料和化学制品制造业,Bavaria,London,,NASDAQ,,,0,1,澳大利亚,0,0,23/3/2026 09:32:16,23/3/2026 09:32:16
1859,2022,2346,国外,绿车骏数据服务控股公司,,,,,,0,0,,,电机制造业,商业电气机械和器材制造业,England,,,,Main Board,,0,1,澳大利亚,0,0,23/3/2026 09:32:16,23/3/2026 09:32:16
1860,2022,2347,国外,科工盛零售股份公司,,,,,,0,0,,,通用设备制造业,通用设备制造业,Zurich,New York,,XETRA,Standard,,0,1,澳大利亚,0,0,23/3/2026 09:32:16,23/3/2026 09:32:16
1865,2022,2349,国外,长桥置零售集团公司,,,,,,0,0,,,制药,医药制造业,California,Toronto,,NYSE,Growth,,0,1,澳大利亚,0,0,23/3/2026 09:32:16,23/3/2026 09:32:16
1872,2022,300029,国外,明电禾城市发展科技公司,,,,,,0,0,,,光伏制造业,商业电气机械和器材制造业,Bavaria,Sydney,,NYSE,,,0,1,澳大利亚,0,0,23/3/2026 09:32:16,23/3/2026 09:32:16
1875,2022,300247,国外,十城瀚城市发展发展公司,,,,,,0,0,,,家用电器,消费电子及电气业,Zurich,Singapore,,TSX,Main Board,,0,1,澳大利亚,0,0,23/3/2026 09:32:16,23/3/2026 09:32:16
1877,2022,300030,国外,联城瀚集成电路公司,,,,,,0,0,,,医疗专用设备制造业,专用设备制造业,Zurich,Sydney,,ASX,Prime,,0,1,澳大利亚,0,0,23/3/2026 09:32:16,23/3/2026 09:32:16
1897,2022,601179,国外,碧海锦新能源汽车公司,,,,,,0,0,,,电机制造业,商业电气机械和器材制造业,Zurich,Tokyo,,XETRA,NASDAQ Global Select,,0,1,澳大利亚,0,0,23/3/2026 09:32:16,23/3/2026 09:32:16
1900,2022,2374,国外,瑞达骏集成电路科技公司,,,,,,0,0,,,金属制品业,金属制品业,Bavaria,Sydney,,SGX,Standard,,0,1,澳大利亚,0,0,23/3/2026 09:32:16,23/3/2026 09:32:16
1902,2022,300045,国外,润控科传媒发展公司,,,,,,0,0,,,电信、广播电视和卫星传输服务,信息传输、软件和信息技术服务业,,Tokyo,,NYSE,Standard,,0,1,澳大利亚,0,0,23/3/2026 09:32:16,23/3/2026 09:32:16
1918,2022,300043,国外,华会智软件股份公司,,,,,,0,0,,,互联网和相关服务,信息传输、软件和信息技术服务业,Tokyo,London,,TSX,Prime,,0,1,澳大利亚,0,0,23/3/2026 09:32:16,23/3/2026 09:32:16
1928,2022,2630,国外,科通启玻璃控股公司,,,,,,0,0,,,通用设备制造业,通用设备制造业,,Toronto,,ASX,Main Board,,0,1,澳大利亚,0,0,23/3/2026 09:32:16,23/3/2026 09:32:16
1930,2022,2384,国外,远芯拓零售科技公司,,,,,,0,0,,,电子元件及设备,消费电子及电气业,Zurich,London,,NYSE,,,0,1,澳大利亚,0,0,23/3/2026 09:32:16,23/3/2026 09:32:16
1932,2022,2377,国外,星能启房地产开发公司,,,,,,0,0,,,房地产中介,房地产业,Zurich,,,TSE,Prime,,0,1,澳大利亚,0,0,23/3/2026 09:32:16,23/3/2026 09:32:16
1943,2022,300056,国外,物通盛船舶公司,,,,,,0,0,,,其他专用设备制造业,专用设备制造业,Tokyo,Toronto,,TSX,Growth,,0,1,澳大利亚,0,0,23/3/2026 09:32:16,23/3/2026 09:32:16
1952,2022,601101,国外,北锦泰软件集团公司,,,,,,0,0,,,煤炭开采业,采矿业,California,Toronto,,,Main Board,,0,1,澳大利亚,0,0,23/3/2026 09:32:16,23/3/2026 09:32:16
1960,2022,300059,国外,物车拓医药发展公司,,,,,,0,0,,,证券,金融业,,Singapore,,NASDAQ,,,0,1,澳大利亚,0,0,23/3/2026 09:32:16,23/3/2026 09:32:16
1975,2022,300062,国外,明控启置业公司,,,,,,0,0,,,电机制造业,商业电气机械和器材制造业,New South Wales,Toronto,,NASDAQ,Prime,,0,1,澳大利亚,0,0,23/3/2026 09:32:16,23/3/2026 09:32:16
1985,2022,2418,国外,冀能润医药控股公司,,,,,,0,0,,,通用设备制造业,通用设备制造业,Tokyo,Sydney,,ASX,NASDAQ Global Select,,0,1,澳大利亚,0,0,23/3/2026 09:32:16,23/3/2026 09:32:16
1997,2022,601188,国外,花阳禾新能源汽车有限公司,,,,,,0,0,,,陆路交通运输业,交通运输、仓储和邮政业,New South Wales,Toronto,,,Prime,,0,1,澳大利亚,0,0,23/3/2026 09:32:16,23/3/2026 09:32:16
1998,2022,601518,国外,联城拓水务控股公司,,,,,,0,0,,,陆路交通运输业,交通运输、仓储和邮政业,Zurich,London,,NASDAQ,Main Board,,0,1,澳大利亚,0,0,23/3/2026 09:32:16,23/3/2026 09:32:16
2010,2022,300072,国外,星能置水务集团公司,,,,,,0,0,,,化学制剂,化学原料和化学制品制造业,Zurich,New York,,SGX,,,0,1,澳大利亚,0,0,23/3/2026 09:32:16,23/3/2026 09:32:16
2020,2022,300075,国外,华城迈电子集团公司,,,,,,0,0,,,软件和信息技术服务,信息传输、软件和信息技术服务业,England,Sydney,,NASDAQ,Main Board,,0,1,澳大利亚,0,0,23/3/2026 09:32:16,23/3/2026 09:32:16
2024,2022,300079,国外,绿盈骏能源公司,,,,,,0,0,,,电信、广播电视和卫星传输服务,信息传输、软件和信息技术服务业,California,London,,NYSE,Prime,,0,1,澳大利亚,0,0,23/3/2026 09:32:16,23/3/2026 09:32:16
2028,2022,601012,国外,万业置新能源汽车有限公司,,,,,,0,0,,,光伏制造业,商业电气机械和器材制造业,Ontario,Tokyo,,XETRA,Growth,,0,1,澳大利亚,0,0,23/3/2026 09:32:16,23/3/2026 09:32:16
2036,2022,2492,国外,比车拓集成电路科技公司,,,,,,0,0,,,仓储业,交通运输、仓储和邮政业,Tokyo,Sydney,,NASDAQ,Main Board,,0,1,澳大利亚,0,0,23/3/2026 09:32:16,23/3/2026 09:32:16
2052,2022,300096,国外,华源拓能源有限公司,,,,,,0,0,,,软件和信息技术服务,信息传输、软件和信息技术服务业,Zurich,,,NYSE,Main Board,,0,1,澳大利亚,0,0,23/3/2026 09:32:16,23/3/2026 09:32:16
2059,2022,2460,国外,启芯远财富管理控股公司,,,,,,0,0,,,有色金属冶炼和压延加工业,金属冶炼和压延加工业,California,,,NASDAQ,Main Board,,0,1,澳大利亚,0,0,23/3/2026 09:32:16,23/3/2026 09:32:16
2066,2022,300099,国外,北业盛连锁公司,,,,,,0,0,,,其他专用设备制造业,专用设备制造业,Bavaria,New York,,TSX,Growth,,0,1,澳大利亚,0,0,23/3/2026 09:32:16,23/3/2026 09:32:16
2078,2022,300092,国外,高会锦综合开发发展公司,,,,,,0,0,,,其他专用设备制造业,专用设备制造业,England,New York,,LSE,NASDAQ Global Select,,0,1,澳大利亚,0,0,23/3/2026 09:32:16,23/3/2026 09:32:16
2083,2022,2465,国外,润业科通信公司,,,,,,0,0,,,通信传输设备业,通信传输设备业,New South Wales,Singapore,,TSX,Standard,,0,1,澳大利亚,0,0,23/3/2026 09:32:16,23/3/2026 09:32:16
2087,2022,601288,国外,花业联建筑设计发展公司,,,,,,0,0,,,银行,金融业,Ontario,London,,TSE,Growth,,0,1,澳大利亚,0,0,23/3/2026 09:32:16,23/3/2026 09:32:16
2095,2022,300305,国外,恒盈启化工股份公司,,,,,,0,0,,,塑料制品,橡胶和塑料制品业,New South Wales,Sydney,,ASX,NASDAQ Global Select,,0,1,澳大利亚,0,0,23/3/2026 09:32:16,23/3/2026 09:32:16
2101,2022,300114,国外,恒新禾置业控股公司,,,,,,0,0,,,电子元件及设备,消费电子及电气业,Tokyo,Sydney,,XETRA,,,0,1,澳大利亚,0,0,23/3/2026 09:32:16,23/3/2026 09:32:16
2103,2022,300133,国外,明盈启建筑设计科技公司,,,,,,0,0,,,文化、体育和娱乐业,文化、体育和娱乐业,New South Wales,Toronto,,NYSE,Standard,,0,1,澳大利亚,0,0,23/3/2026 09:32:16,23/3/2026 09:32:16
2117,2022,2530,国外,碧芯启传媒发展公司,,,,,,0,0,,,互联网和相关服务,信息传输、软件和信息技术服务业,California,New York,,ASX,Main Board,,0,1,澳大利亚,0,0,23/3/2026 09:32:16,23/3/2026 09:32:16
2118,2022,2614,国外,物园瀚船舶公司,,,,,,0,0,,,家用电器,消费电子及电气业,,Sydney,,SGX,NASDAQ Global Select,,0,1,澳大利亚,0,0,23/3/2026 09:32:16,23/3/2026 09:32:16
2141,2022,2488,国外,凯盈远水务股份公司,,,,,,0,0,,,汽车零部件制造业,汽车制造业,Ontario,London,,SGX,Growth,,0,1,澳大利亚,0,0,23/3/2026 09:32:16,23/3/2026 09:32:16
2152,2022,300134,国外,新泽盛新材料集团公司,,,,,,0,0,,,通信传输设备业,通信传输设备业,England,Sydney,,TSX,Standard,,0,1,澳大利亚,0,0,23/3/2026 09:32:16,23/3/2026 09:32:16
2158,2022,601996,国外,华电创通信发展公司,,,,,,0,0,,,木材加工和木、竹、藤、棕、草制品业,木材加工和木、竹、藤、棕、草制品业,,Singapore,,SGX,Main Board,,0,1,澳大利亚,0,0,23/3/2026 09:32:16,23/3/2026 09:32:16
2180,2022,2508,国外,花新泽城市发展科技公司,,,,,,0,0,,,家用电器,消费电子及电气业,Ontario,Toronto,,NYSE,NASDAQ Global Select,,0,1,澳大利亚,0,0,23/3/2026 09:32:16,23/3/2026 09:32:16
2185,2022,2503,国外,招澜联财富管理集团公司,,,,,,0,0,,,纺织鞋服业,纺织鞋服业,California,London,,,Main Board,,0,1,澳大利亚,0,0,23/3/2026 09:32:16,23/3/2026 09:32:16
2188,2022,300325,国外,科酷航传媒有限公司,,,,,,0,0,,,化工,,Tokyo,,,XETRA,NASDAQ Global Select,,0,1,澳大利亚,0,0,23/3/2026 09:32:16,23/3/2026 09:32:16
2190,2022,2507,国外,保工源生物科技有限公司,,,,,,0,0,,,食品业,食品饮料业,California,New York,,SGX,,,0,1,澳大利亚,0,0,23/3/2026 09:32:16,23/3/2026 09:32:16
2214,2022,2606,国外,瑞城盛数据服务股份公司,,,,,,0,0,,,光纤电缆制造业,商业电气机械和器材制造业,Tokyo,Sydney,,SGX,,,0,1,澳大利亚,0,0,23/3/2026 09:32:16,23/3/2026 09:32:16
2224,2022,300162,国外,众能航医药科技公司,,,,,,0,0,,,电子元件及设备,消费电子及电气业,Tokyo,New York,,XETRA,Main Board,,0,1,澳大利亚,0,0,23/3/2026 09:32:16,23/3/2026 09:32:16
2225,2022,300161,国外,凯环瀚城市发展发展公司,,,,,,0,0,,,通用设备制造业,通用设备制造业,England,Tokyo,,SGX,NASDAQ Global Select,,0,1,澳大利亚,0,0,23/3/2026 09:32:16,23/3/2026 09:32:16
2244,2022,300170,国外,润车盛零售集团公司,,,,,,0,0,,,软件和信息技术服务,信息传输、软件和信息技术服务业,Bavaria,London,,XETRA,Prime,,0,1,澳大利亚,0,0,23/3/2026 09:32:16,23/3/2026 09:32:16
2249,2022,300172,国外,华晋联玻璃公司,,,,,,0,0,,,水利、环境和公共设施管理业,水利、环境和公共设施管理业,Ontario,Sydney,,TSE,NASDAQ Global Select,,0,1,澳大利亚,0,0,23/3/2026 09:32:16,23/3/2026 09:32:16
2257,2022,2541,国外,绿新骏环境科技发展公司,,,,,,0,0,,,金属制品业,金属制品业,New South Wales,Singapore,,NYSE,Main Board,,0,1,澳大利亚,0,0,23/3/2026 09:32:16,23/3/2026 09:32:16
2263,2022,300176,国外,联业航连锁公司,,,,,,0,0,,,汽车零部件制造业,汽车制造业,Zurich,Sydney,,ASX,,,0,1,澳大利亚,0,0,23/3/2026 09:32:16,23/3/2026 09:32:16
2278,2022,300182,国外,华课澜生物科技有限公司,,,,,,0,0,,,文化、体育和娱乐业,文化、体育和娱乐业,New South Wales,Toronto,,NASDAQ,Prime,,0,1,澳大利亚,0,0,23/3/2026 09:32:16,23/3/2026 09:32:16
2281,2022,300340,国外,招控锦玻璃集团公司,,,,,,0,0,,,电池制造业,商业电气机械和器材制造业,Bavaria,Singapore,,XETRA,Growth,,0,1,澳大利亚,0,0,23/3/2026 09:32:16,23/3/2026 09:32:16
2295,2022,300188,国外,招工盛水电控股公司,,,,,,0,0,,,软件和信息技术服务,信息传输、软件和信息技术服务业,California,Toronto,,TSX,NASDAQ Global Select,,0,1,澳大利亚,0,0,23/3/2026 09:32:16,23/3/2026 09:32:16
2297,2022,300186,国外,众锦置软件控股公司,,,,,,0,0,,,农林牧渔,,Tokyo,Sydney,,NASDAQ,Prime,,0,1,澳大利亚,0,0,23/3/2026 09:32:16,23/3/2026 09:32:16
2303,2022,300190,国外,联源智通信股份公司,,,,,,0,0,,,水利、环境和公共设施管理业,水利、环境和公共设施管理业,California,Frankfurt,,TSX,Standard,,0,1,澳大利亚,0,0,23/3/2026 09:32:16,23/3/2026 09:32:16
2330,2022,2572,国外,物尹创贸易股份公司,,,,,,0,0,,,家具制造业,家具制造业,,Singapore,,TSX,Prime,,0,1,澳大利亚,0,0,23/3/2026 09:32:16,23/3/2026 09:32:16
2350,2022,601208,国外,联桥航化工科技公司,,,,,,0,0,,,精细化工,化学原料和化学制品制造业,Zurich,Singapore,,SGX,Prime,,0,1,澳大利亚,0,0,23/3/2026 09:32:16,23/3/2026 09:32:16
2353,2022,2584,国外,北桥拓综合开发发展公司,,,,,,0,0,,,精细化工,化学原料和化学制品制造业,New South Wales,New York,,XETRA,Standard,,0,1,澳大利亚,0,0,23/3/2026 09:32:16,23/3/2026 09:32:16
2362,2022,300221,国外,联尹泽数据服务集团公司,,,,,,0,0,,,塑料制品,橡胶和塑料制品业,Ontario,New York,,,Main Board,,0,1,澳大利亚,0,0,23/3/2026 09:32:16,23/3/2026 09:32:16
2364,2022,601599,国外,长锦锦电子科技公司,,,,,,0,0,,,纺织鞋服业,纺织鞋服业,,Sydney,,SGX,NASDAQ Global Select,,0,1,澳大利亚,0,0,23/3/2026 09:32:16,23/3/2026 09:32:16
2413,2022,300248,国外,远泽禾玻璃科技公司,,,,,,0,0,,,软件和信息技术服务,信息传输、软件和信息技术服务业,Ontario,Frankfurt,,SGX,NASDAQ Global Select,,0,1,澳大利亚,0,0,23/3/2026 09:32:16,23/3/2026 09:32:16
2416,2022,2620,国外,十通润水电股份公司,,,,,,0,0,,,建筑装饰,建筑业,Ontario,Frankfurt,,SGX,Prime,,0,1,澳大利亚,0,0,23/3/2026 09:32:16,23/3/2026 09:32:16
2421,2022,2608,国外,盛澜景环境科技科技公司,,,,,,0,0,,,电力热力生产和供应业,电力、热力、燃气及水生产和供应业,Zurich,,,,Growth,,0,1,澳大利亚,0,0,23/3/2026 09:32:16,23/3/2026 09:32:16
2435,2022,300303,国外,万海启批发有限公司,,,,,,0,0,,,电子元件及设备,消费电子及电气业,England,Sydney,,SGX,NASDAQ Global Select,,0,1,澳大利亚,0,0,23/3/2026 09:32:16,23/3/2026 09:32:16
2442,2022,300273,国外,华锦航建筑设计公司,,,,,,0,0,,,医疗专用设备制造业,专用设备制造业,England,Tokyo,,SGX,Prime,,0,1,澳大利亚,0,0,23/3/2026 09:32:16,23/3/2026 09:32:16
2450,2022,300262,国外,瑞会置房地产开发有限公司,,,,,,0,0,,,水利、环境和公共设施管理业,水利、环境和公共设施管理业,,London,,XETRA,Standard,,0,1,澳大利亚,0,0,23/3/2026 09:32:16,23/3/2026 09:32:16
2471,2022,601225,国外,明晋远传媒股份公司,,,,,,0,0,,,煤炭开采业,采矿业,Zurich,New York,,ASX,Growth,,0,1,澳大利亚,0,0,23/3/2026 09:32:16,23/3/2026 09:32:16
2486,2022,2632,国外,冀泽盛置业公司,,,,,,0,0,,,化工原料,化学原料和化学制品制造业,Bavaria,Frankfurt,,NASDAQ,Main Board,,0,1,澳大利亚,0,0,23/3/2026 09:32:16,23/3/2026 09:32:16
2488,2022,300279,国外,恒源润财富管理集团公司,,,,,,0,0,,,电子元件及设备,消费电子及电气业,Tokyo,,,LSE,Prime,,0,1,澳大利亚,0,0,23/3/2026 09:32:16,23/3/2026 09:32:16
2504,2022,603599,国外,北白润连锁集团公司,,,,,,0,0,,,农药,化学原料和化学制品制造业,New South Wales,New York,,TSE,Growth,,0,1,澳大利亚,0,0,23/3/2026 09:32:16,23/3/2026 09:32:16
2507,2022,300287,国外,众源锦环境科技控股公司,,,,,,0,0,,,软件和信息技术服务,信息传输、软件和信息技术服务业,Tokyo,Singapore,,NASDAQ,Standard,,0,1,澳大利亚,0,0,23/3/2026 09:32:16,23/3/2026 09:32:16
2509,2022,601360,国外,明能盛城市发展发展公司,,,,,,0,0,,,互联网和相关服务,信息传输、软件和信息技术服务业,California,Tokyo,,NYSE,NASDAQ Global Select,,0,1,澳大利亚,0,0,23/3/2026 09:32:16,23/3/2026 09:32:16
2516,2022,601336,国外,盛车泰金融发展公司,,,,,,0,0,,,保险,金融业,Zurich,Tokyo,,NYSE,Growth,,0,1,澳大利亚,0,0,23/3/2026 09:32:16,23/3/2026 09:32:16
2538,2022,300309,国外,冀新置实业集团公司,,,,,,0,0,,,机械设备,,California,Tokyo,,ASX,Growth,,0,1,澳大利亚,0,0,23/3/2026 09:32:16,23/3/2026 09:32:16
2541,2022,300304,国外,招芯润玻璃控股公司,,,,,,0,0,,,汽车零部件制造业,汽车制造业,Ontario,New York,,NYSE,NASDAQ Global Select,,0,1,澳大利亚,0,0,23/3/2026 09:32:16,23/3/2026 09:32:16
2555,2022,2661,国外,物控智医药公司,,,,,,0,0,,,食品业,食品饮料业,New South Wales,London,,,Growth,,0,1,澳大利亚,0,0,23/3/2026 09:32:16,23/3/2026 09:32:16
2560,2022,2670,国外,万控启水电集团公司,,,,,,0,0,,,证券,金融业,England,,,,,,0,1,澳大利亚,0,0,23/3/2026 09:32:16,23/3/2026 09:32:16
2567,2022,2799,国外,长澜科传媒控股公司,,,,,,0,0,,,造纸和纸制品业,造纸和纸制品业,Bavaria,Frankfurt,,XETRA,Growth,,0,1,澳大利亚,0,0,23/3/2026 09:32:16,23/3/2026 09:32:16
2568,2022,2677,国外,保会澜通信控股公司,,,,,,0,0,,,家用电器,消费电子及电气业,,Tokyo,,NASDAQ,Standard,,0,1,澳大利亚,0,0,23/3/2026 09:32:16,23/3/2026 09:32:16
2575,2022,300317,国外,冀泽澜金融控股公司,,,,,,0,0,,,电子元件及设备,消费电子及电气业,,Frankfurt,,ASX,Growth,,0,1,澳大利亚,0,0,23/3/2026 09:32:16,23/3/2026 09:32:16
2579,2022,603000,国外,保能科新能源汽车集团公司,,,,,,0,0,,,互联网和相关服务,信息传输、软件和信息技术服务业,New South Wales,New York,,NASDAQ,Growth,,0,1,澳大利亚,0,0,23/3/2026 09:32:16,23/3/2026 09:32:16
2601,2022,300400,国外,明芯景房地产开发控股公司,,,,,,0,0,,,其他专用设备制造业,专用设备制造业,Zurich,Sydney,,TSE,,,0,1,澳大利亚,0,0,23/3/2026 09:32:16,23/3/2026 09:32:16
2611,2022,2701,国外,润会启集成电路公司,,,,,,0,0,,,金属制品业,金属制品业,England,Frankfurt,,NYSE,NASDAQ Global Select,,0,1,澳大利亚,0,0,23/3/2026 09:32:16,23/3/2026 09:32:16
2613,2022,300337,国外,高通源实业股份公司,,,,,,0,0,,,有色金属冶炼和压延加工业,金属冶炼和压延加工业,Tokyo,Singapore,,NASDAQ,Standard,,0,1,澳大利亚,0,0,23/3/2026 09:32:16,23/3/2026 09:32:16
2617,2022,2680,国外,北锦瀚实业公司,,,,,,0,0,,,医药生物,,England,Sydney,,ASX,Standard,,0,1,澳大利亚,0,0,23/3/2026 09:32:16,23/3/2026 09:32:16
2631,2022,2683,国外,绿海瀚集成电路控股公司,,,,,,0,0,,,开发辅助业,采矿业,California,Singapore,,NYSE,Standard,,0,1,澳大利亚,0,0,23/3/2026 09:32:16,23/3/2026 09:32:16
2641,2022,300371,国外,凯尹拓生物科技公司,,,,,,0,0,,,仪器仪表制造业,仪器仪表制造业,England,Toronto,,XETRA,,,0,1,澳大利亚,0,0,23/3/2026 09:32:16,23/3/2026 09:32:16
2689,2022,300368,国外,联锦航置业科技公司,,,,,,0,0,,,其他专用设备制造业,专用设备制造业,California,Tokyo,,TSE,NASDAQ Global Select,,0,1,澳大利亚,0,0,23/3/2026 09:32:16,23/3/2026 09:32:16
2693,2022,300360,国外,众业泽金融集团公司,,,,,,0,0,,,仪器仪表制造业,仪器仪表制造业,,Tokyo,,SGX,Growth,,0,1,澳大利亚,0,0,23/3/2026 09:32:16,23/3/2026 09:32:16
2699,2022,601579,国外,众盈锦环境科技发展公司,,,,,,0,0,,,酒业,食品饮料业,New South Wales,Singapore,,ASX,Growth,,0,1,澳大利亚,0,0,23/3/2026 09:32:16,23/3/2026 09:32:16
2707,2022,603609,国外,保车骏生物科技科技公司,,,,,,0,0,,,食品业,食品饮料业,California,Singapore,,TSE,NASDAQ Global Select,,0,1,澳大利亚,0,0,23/3/2026 09:32:16,23/3/2026 09:32:16
2715,2022,603005,国外,绿会瀚综合开发股份公司,,,,,,0,0,,,半导体业,半导体业,Zurich,Singapore,,XETRA,,,0,1,澳大利亚,0,0,23/3/2026 09:32:16,23/3/2026 09:32:16
2723,2022,2712,国外,盛白锦新材料股份公司,,,,,,0,0,,,商务服务业,租赁和商务服务业,England,Frankfurt,,SGX,Prime,,0,1,澳大利亚,0,0,23/3/2026 09:32:16,23/3/2026 09:32:16
2725,2022,300405,国外,招海置建设开发控股公司,,,,,,0,0,,,化工原料,化学原料和化学制品制造业,Tokyo,Tokyo,,TSE,Main Board,,0,1,澳大利亚,0,0,23/3/2026 09:32:16,23/3/2026 09:32:16
2729,2022,300390,国外,高盈润综合开发控股公司,,,,,,0,0,,,医疗专用设备制造业,专用设备制造业,Tokyo,Sydney,,SGX,Growth,,0,1,澳大利亚,0,0,23/3/2026 09:32:16,23/3/2026 09:32:16
2732,2022,333,国外,北锦昌软件集团公司,,,,,,0,0,,,家用电器,消费电子及电气业,,,,SGX,NASDAQ Global Select,,0,1,澳大利亚,0,0,23/3/2026 09:32:16,23/3/2026 09:32:16
2735,2022,300477,国外,花锦启生物科技发展公司,,,,,,0,0,,,电机制造业,商业电气机械和器材制造业,Ontario,Frankfurt,,NYSE,Standard,,0,1,澳大利亚,0,0,23/3/2026 09:32:16,23/3/2026 09:32:16
2750,2022,2801,国外,恒澜澜化工公司,,,,,,0,0,,,电机制造业,商业电气机械和器材制造业,Tokyo,London,,SGX,Standard,,0,1,澳大利亚,0,0,23/3/2026 09:32:16,23/3/2026 09:32:16
2754,2022,2802,国外,联车昌零售科技公司,,,,,,0,0,,,化工原料,化学原料和化学制品制造业,,New York,,TSE,Growth,,0,1,澳大利亚,0,0,23/3/2026 09:32:16,23/3/2026 09:32:16
2763,2022,2800,国外,科海骏生物科技公司,,,,,,0,0,,,陆路交通运输业,交通运输、仓储和邮政业,,Toronto,,LSE,Growth,,0,1,澳大利亚,0,0,23/3/2026 09:32:16,23/3/2026 09:32:16
2766,2022,300421,国外,新业瀚医药科技公司,,,,,,0,0,,,通用设备制造业,通用设备制造业,New South Wales,Sydney,,TSE,Standard,,0,1,澳大利亚,0,0,23/3/2026 09:32:16,23/3/2026 09:32:16
2778,2022,603788,国外,万晋景新材料有限公司,,,,,,0,0,,,汽车零部件制造业,汽车制造业,California,Tokyo,,,,,0,1,澳大利亚,0,0,23/3/2026 09:32:16,23/3/2026 09:32:16
2779,2022,603828,国外,瑞能锦软件股份公司,,,,,,0,0,,,建筑装饰,建筑业,Zurich,London,,,Prime,,0,1,澳大利亚,0,0,23/3/2026 09:32:16,23/3/2026 09:32:16
2783,2022,603030,国外,瑞盈瀚城市发展发展公司,,,,,,0,0,,,建筑装饰,建筑业,Tokyo,,,TSX,Standard,,0,1,澳大利亚,0,0,23/3/2026 09:32:16,23/3/2026 09:32:16
2784,2022,603899,国外,润海启生物科技集团公司,,,,,,0,0,,,文教、工美、体育和娱乐用品制造业,文教、工美、体育和娱乐用品制造业,,Frankfurt,,NYSE,Main Board,,0,1,澳大利亚,0,0,23/3/2026 09:32:16,23/3/2026 09:32:16
2789,2022,300411,国外,明尹源化工有限公司,,,,,,0,0,,,通用设备制造业,通用设备制造业,New South Wales,,,XETRA,Main Board,,0,1,澳大利亚,0,0,23/3/2026 09:32:16,23/3/2026 09:32:16
2790,2022,300536,国外,凯会骏医药公司,,,,,,0,0,,,土木工程,建筑业,New South Wales,Frankfurt,,ASX,Main Board,,0,1,澳大利亚,0,0,23/3/2026 09:32:16,23/3/2026 09:32:16
2792,2022,300436,国外,绿达瀚生物科技发展公司,,,,,,0,0,,,制药,医药制造业,Tokyo,Sydney,,XETRA,Growth,,0,1,澳大利亚,0,0,23/3/2026 09:32:16,23/3/2026 09:32:16
2807,2022,603320,国外,新达智实业发展公司,,,,,,0,0,,,通用设备制造业,通用设备制造业,Bavaria,New York,,TSX,Standard,,0,1,澳大利亚,0,0,23/3/2026 09:32:16,23/3/2026 09:32:16
2832,2022,603188,国外,物会泽综合开发发展公司,,,,,,0,0,,,精细化工,化学原料和化学制品制造业,New South Wales,London,,LSE,NASDAQ Global Select,,0,1,澳大利亚,0,0,23/3/2026 09:32:16,23/3/2026 09:32:16
2861,2022,603520,国外,启车泽建设开发股份公司,,,,,,0,0,,,制药,医药制造业,Zurich,Singapore,,,NASDAQ Global Select,,0,1,澳大利亚,0,0,23/3/2026 09:32:16,23/3/2026 09:32:16
2874,2022,2747,国外,物白航批发控股公司,,,,,,0,0,,,仪器仪表制造业,仪器仪表制造业,California,Sydney,,SGX,Prime,,0,1,澳大利亚,0,0,23/3/2026 09:32:16,23/3/2026 09:32:16
2878,2022,601015,国外,盛桥昌房地产开发公司,,,,,,0,0,,,石油加工、炼焦和核燃料加工业,石油加工、炼焦和核燃料加工业,New South Wales,London,,SGX,Prime,,0,1,澳大利亚,0,0,23/3/2026 09:32:16,23/3/2026 09:32:16
2879,2022,603025,国外,瑞尹联集成电路公司,,,,,,0,0,,,其他专用设备制造业,专用设备制造业,New South Wales,Frankfurt,,ASX,Main Board,,0,1,澳大利亚,0,0,23/3/2026 09:32:16,23/3/2026 09:32:16
2881,2022,300466,国外,恒尹航传媒科技公司,,,,,,0,0,,,仪器仪表制造业,仪器仪表制造业,New South Wales,Tokyo,,SGX,Main Board,,0,1,澳大利亚,0,0,23/3/2026 09:32:16,23/3/2026 09:32:16
2887,2022,300479,国外,润会远房地产开发股份公司,,,,,,0,0,,,电子元件及设备,消费电子及电气业,California,New York,,,Standard,,0,1,澳大利亚,0,0,23/3/2026 09:32:16,23/3/2026 09:32:16
2889,2022,300464,国外,高园骏水务控股公司,,,,,,0,0,,,零售业,批发和零售业,England,Sydney,,XETRA,Main Board,,0,1,澳大利亚,0,0,23/3/2026 09:32:16,23/3/2026 09:32:16
2890,2022,300424,国外,招电远财富管理科技公司,,,,,,0,0,,,航空航天,铁路、船舶、航空航天和其他运输设备制造业,Zurich,Singapore,,NASDAQ,Growth,,0,1,澳大利亚,0,0,23/3/2026 09:32:16,23/3/2026 09:32:16
2907,2022,2763,国外,招车启财富管理有限公司,,,,,,0,0,,,纺织鞋服业,纺织鞋服业,New South Wales,Singapore,,NASDAQ,,,0,1,澳大利亚,0,0,23/3/2026 09:32:16,23/3/2026 09:32:16
2926,2022,603663,国外,北工远船舶有限公司,,,,,,0,0,,,其他非金属制品业,非金属矿物制品业,England,Singapore,,ASX,Growth,,0,1,澳大利亚,0,0,23/3/2026 09:32:16,23/3/2026 09:32:16
2928,2022,603618,国外,招车锦水电股份公司,,,,,,0,0,,,光纤电缆制造业,商业电气机械和器材制造业,California,Sydney,,XETRA,Main Board,,0,1,澳大利亚,0,0,23/3/2026 09:32:16,23/3/2026 09:32:16
2930,2022,603588,国外,启阳科船舶股份公司,,,,,,0,0,,,水利、环境和公共设施管理业,水利、环境和公共设施管理业,California,Singapore,,XETRA,NASDAQ Global Select,,0,1,澳大利亚,0,0,23/3/2026 09:32:16,23/3/2026 09:32:16
2933,2022,2819,国外,绿电润新材料有限公司,,,,,,0,0,,,批发业,批发和零售业,,Sydney,,SGX,Main Board,,0,1,澳大利亚,0,0,23/3/2026 09:32:16,23/3/2026 09:32:16
2936,2022,300555,国外,众会源数据服务股份公司,,,,,,0,0,,,通信传输设备业,通信传输设备业,California,London,,,,,0,1,澳大利亚,0,0,23/3/2026 09:32:16,23/3/2026 09:32:16
2939,2022,300484,国外,花通远集成电路公司,,,,,,0,0,,,电机制造业,商业电气机械和器材制造业,Tokyo,Toronto,,ASX,Main Board,,0,1,澳大利亚,0,0,23/3/2026 09:32:16,23/3/2026 09:32:16
2950,2022,2789,国外,比尹迈房地产开发公司,,,,,,0,0,,,建筑装饰,建筑业,New South Wales,Toronto,,NYSE,Main Board,,0,1,澳大利亚,0,0,23/3/2026 09:32:16,23/3/2026 09:32:16
2956,2022,300392,国外,恒桥科房地产开发科技公司,,,,,,0,0,,,互联网和相关服务,信息传输、软件和信息技术服务业,Ontario,London,,TSE,Standard,,0,1,澳大利亚,0,0,23/3/2026 09:32:16,23/3/2026 09:32:16
2964,2022,603799,国外,联业盛房地产开发有限公司,,,,,,0,0,,,有色金属冶炼和压延加工业,金属冶炼和压延加工业,England,Sydney,,LSE,Main Board,,0,1,澳大利亚,0,0,23/3/2026 09:32:16,23/3/2026 09:32:16
2972,2022,603589,国外,物盈航房地产开发控股公司,,,,,,0,0,,,酒业,食品饮料业,Tokyo,Sydney,,TSX,Main Board,,0,1,澳大利亚,0,0,23/3/2026 09:32:16,23/3/2026 09:32:16
3000,2022,2923,国外,碧晋盛房地产开发发展公司,,,,,,0,0,,,制药,医药制造业,New South Wales,Frankfurt,,ASX,Standard,,0,1,澳大利亚,0,0,23/3/2026 09:32:16,23/3/2026 09:32:16
3004,2022,603108,国外,启能远金融科技公司,,,,,,0,0,,,批发业,批发和零售业,,,,NYSE,Growth,,0,1,澳大利亚,0,0,23/3/2026 09:32:16,23/3/2026 09:32:16
3020,2022,603268,国外,比酷瀚电器集团公司,,,,,,0,0,,,陶瓷制品业,非金属矿物制品业,Ontario,Frankfurt,,TSE,NASDAQ Global Select,,0,1,澳大利亚,0,0,23/3/2026 09:32:16,23/3/2026 09:32:16
3029,2022,603266,国外,众控澜财富管理有限公司,,,,,,0,0,,,塑料制品,橡胶和塑料制品业,Zurich,Singapore,,TSE,Growth,,0,1,澳大利亚,0,0,23/3/2026 09:32:16,23/3/2026 09:32:16
3031,2022,300404,国外,花锦盛城市发展控股公司,,,,,,0,0,,,医药研发服务,科学研究和技术服务业,Bavaria,Frankfurt,,NASDAQ,,,0,1,澳大利亚,0,0,23/3/2026 09:32:16,23/3/2026 09:32:16
3052,2022,300431,国外,冀海创集成电路控股公司,,,,,,0,0,,,传媒,,Bavaria,Singapore,,NYSE,NASDAQ Global Select,,0,1,澳大利亚,0,0,23/3/2026 09:32:16,23/3/2026 09:32:16
3068,2022,601127,国外,星海泽综合开发控股公司,,,,,,0,0,,,整车制造业,汽车制造业,Zurich,,,NASDAQ,,,0,1,澳大利亚,0,0,23/3/2026 09:32:16,23/3/2026 09:32:16
3088,2022,603869,国外,恒城远医药公司,,,,,,0,0,,,软件和信息技术服务,信息传输、软件和信息技术服务业,Zurich,Sydney,,XETRA,Main Board,,0,1,澳大利亚,0,0,23/3/2026 09:32:16,23/3/2026 09:32:16
3104,2022,603598,国外,联工瀚通信公司,,,,,,0,0,,,商务服务业,租赁和商务服务业,England,Frankfurt,,SGX,Main Board,,0,1,澳大利亚,0,0,23/3/2026 09:32:16,23/3/2026 09:32:16
3115,2022,603858,国外,长酷泰船舶公司,,,,,,0,0,,,制药,医药制造业,,,,XETRA,Growth,,0,1,澳大利亚,0,0,23/3/2026 09:32:16,23/3/2026 09:32:16
3129,2022,603778,国外,绿新盛化工集团公司,,,,,,0,0,,,土木工程,建筑业,New South Wales,Frankfurt,,SGX,,,0,1,澳大利亚,0,0,23/3/2026 09:32:16,23/3/2026 09:32:16
3135,2022,300502,国外,明电创置业有限公司,,,,,,0,0,,,通信传输设备业,通信传输设备业,Tokyo,Tokyo,,TSX,NASDAQ Global Select,,0,1,澳大利亚,0,0,23/3/2026 09:32:16,23/3/2026 09:32:16
3141,2022,603559,国外,比通远批发股份公司,,,,,,0,0,,,电信、广播电视和卫星传输服务,信息传输、软件和信息技术服务业,California,Sydney,,LSE,Standard,,0,1,澳大利亚,0,0,23/3/2026 09:32:16,23/3/2026 09:32:16
3156,2022,603727,国外,比盈润生物科技公司,,,,,,0,0,,,开发辅助业,采矿业,Tokyo,,,XETRA,NASDAQ Global Select,,0,1,澳大利亚,0,0,23/3/2026 09:32:16,23/3/2026 09:32:16
3187,2022,601838,国外,星阳骏零售股份公司,,,,,,0,0,,,银行,金融业,England,Frankfurt,,TSX,,,0,1,澳大利亚,0,0,23/3/2026 09:32:16,23/3/2026 09:32:16
3188,2022,603322,国外,物酷盛玻璃控股公司,,,,,,0,0,,,软件和信息技术服务,信息传输、软件和信息技术服务业,,Frankfurt,,SGX,Standard,,0,1,澳大利亚,0,0,23/3/2026 09:32:16,23/3/2026 09:32:16
3190,2022,300413,国外,华源科贸易股份公司,,,,,,0,0,,,文化、体育和娱乐业,文化、体育和娱乐业,,Sydney,,SGX,,,0,1,澳大利亚,0,0,23/3/2026 09:32:16,23/3/2026 09:32:16
3191,2022,300481,国外,保阳科水电有限公司,,,,,,0,0,,,精细化工,化学原料和化学制品制造业,California,Toronto,,NASDAQ,,,0,1,澳大利亚,0,0,23/3/2026 09:32:16,23/3/2026 09:32:16
3203,2022,300624,国外,冀阳泽新能源汽车股份公司,,,,,,0,0,,,软件和信息技术服务,信息传输、软件和信息技术服务业,Tokyo,London,,XETRA,,,0,1,澳大利亚,0,0,23/3/2026 09:32:16,23/3/2026 09:32:16
3209,2022,2831,国外,瑞能盛城市发展集团公司,,,,,,0,0,,,造纸和纸制品业,造纸和纸制品业,,,,ASX,Prime,,0,1,澳大利亚,0,0,23/3/2026 09:32:16,23/3/2026 09:32:16
3229,2022,603086,国外,华尹禾数据服务发展公司,,,,,,0,0,,,农药,化学原料和化学制品制造业,Zurich,Toronto,,TSE,Growth,,0,1,澳大利亚,0,0,23/3/2026 09:32:16,23/3/2026 09:32:16
3235,2022,603638,国外,万达联船舶集团公司,,,,,,0,0,,,其他专用设备制造业,专用设备制造业,New South Wales,Tokyo,,ASX,Standard,,0,1,澳大利亚,0,0,23/3/2026 09:32:16,23/3/2026 09:32:16
3240,2022,2866,国外,启能联城市发展发展公司,,,,,,0,0,,,电子元件及设备,消费电子及电气业,Tokyo,Singapore,,NYSE,NASDAQ Global Select,,0,1,澳大利亚,0,0,23/3/2026 09:32:16,23/3/2026 09:32:16
3242,2022,2880,国外,星会瀚水电控股公司,,,,,,0,0,,,生物科技,医药制造业,California,Frankfurt,,ASX,Prime,,0,1,澳大利亚,0,0,23/3/2026 09:32:16,23/3/2026 09:32:16
3246,2022,603725,国外,众酷泽金融有限公司,,,,,,0,0,,,塑料制品,橡胶和塑料制品业,Ontario,New York,,TSX,Growth,,0,1,澳大利亚,0,0,23/3/2026 09:32:16,23/3/2026 09:32:16
3254,2022,603063,国外,十业瀚玻璃发展公司,,,,,,0,0,,,电机制造业,商业电气机械和器材制造业,England,Singapore,,,Standard,,0,1,澳大利亚,0,0,23/3/2026 09:32:16,23/3/2026 09:32:16
3258,2022,603042,国外,凯园启生物科技控股公司,,,,,,0,0,,,通信传输设备业,通信传输设备业,England,Singapore,,TSE,Prime,,0,1,澳大利亚,0,0,23/3/2026 09:32:16,23/3/2026 09:32:16
3259,2022,2893,国外,高控锦新能源汽车科技公司,,,,,,0,0,,,电力热力生产和供应业,电力、热力、燃气及水生产和供应业,California,Frankfurt,,SGX,,,0,1,澳大利亚,0,0,23/3/2026 09:32:16,23/3/2026 09:32:16
3260,2022,603938,国外,远环创金融科技公司,,,,,,0,0,,,精细化工,化学原料和化学制品制造业,Zurich,,,LSE,Prime,,0,1,澳大利亚,0,0,23/3/2026 09:32:16,23/3/2026 09:32:16
3265,2022,300625,国外,华通昌软件发展公司,,,,,,0,0,,,电子元件及设备,消费电子及电气业,England,Frankfurt,,NASDAQ,Growth,,0,1,澳大利亚,0,0,23/3/2026 09:32:16,23/3/2026 09:32:16
3271,2022,300636,国外,万达航房地产开发发展公司,,,,,,0,0,,,制药,医药制造业,England,,,XETRA,Prime,,0,1,澳大利亚,0,0,23/3/2026 09:32:16,23/3/2026 09:32:16
3274,2022,300708,国外,盛芯禾贸易股份公司,,,,,,0,0,,,半导体业,半导体业,Tokyo,Singapore,,,Main Board,,0,1,澳大利亚,0,0,23/3/2026 09:32:16,23/3/2026 09:32:16
3278,2022,300701,国外,启泽启城市发展集团公司,,,,,,0,0,,,电机制造业,商业电气机械和器材制造业,Zurich,New York,,TSE,Prime,,0,1,澳大利亚,0,0,23/3/2026 09:32:16,23/3/2026 09:32:16
3283,2022,300630,国外,十桥拓贸易发展公司,,,,,,0,0,,,制药,医药制造业,England,Sydney,,NYSE,NASDAQ Global Select,,0,1,澳大利亚,0,0,23/3/2026 09:32:16,23/3/2026 09:32:16
3312,2022,300604,国外,启盈远水务股份公司,,,,,,0,0,,,其他专用设备制造业,专用设备制造业,Bavaria,Frankfurt,,SGX,Prime,,0,1,澳大利亚,0,0,23/3/2026 09:32:16,23/3/2026 09:32:16
3313,2022,603329,国外,高业锦水务集团公司,,,,,,0,0,,,邮政业,交通运输、仓储和邮政业,Zurich,Tokyo,,ASX,Main Board,,0,1,澳大利亚,0,0,23/3/2026 09:32:16,23/3/2026 09:32:16
3315,2022,603286,国外,众晋泰房地产开发科技公司,,,,,,0,0,,,汽车零部件制造业,汽车制造业,,Toronto,,,Prime,,0,1,澳大利亚,0,0,23/3/2026 09:32:16,23/3/2026 09:32:16
3317,2022,300641,国外,十源昌电子公司,,,,,,0,0,,,精细化工,化学原料和化学制品制造业,California,New York,,XETRA,,,0,1,澳大利亚,0,0,23/3/2026 09:32:16,23/3/2026 09:32:16
3320,2022,300680,国外,物锦禾水务公司,,,,,,0,0,,,汽车零部件制造业,汽车制造业,Bavaria,New York,,TSX,Main Board,,0,1,澳大利亚,0,0,23/3/2026 09:32:16,23/3/2026 09:32:16
3328,2022,300660,国外,碧泽景水务有限公司,,,,,,0,0,,,电子元件及设备,消费电子及电气业,,Tokyo,,XETRA,Growth,,0,1,澳大利亚,0,0,23/3/2026 09:32:16,23/3/2026 09:32:16
3335,2022,603813,国外,招达瀚玻璃控股公司,,,,,,0,0,,,陆路交通运输业,交通运输、仓储和邮政业,California,Singapore,,ASX,Standard,,0,1,澳大利亚,0,0,23/3/2026 09:32:16,23/3/2026 09:32:16
3347,2022,300681,国外,物白泽房地产开发控股公司,,,,,,0,0,,,汽车零部件制造业,汽车制造业,New South Wales,Frankfurt,,SGX,Main Board,,0,1,澳大利亚,0,0,23/3/2026 09:32:16,23/3/2026 09:32:16
3368,2022,2899,国外,凯尹启批发有限公司,,,,,,0,0,,,文教、工美、体育和娱乐用品制造业,文教、工美、体育和娱乐用品制造业,Zurich,Tokyo,,TSX,Main Board,,0,1,澳大利亚,0,0,23/3/2026 09:32:16,23/3/2026 09:32:16
3371,2022,603507,国外,十能锦综合开发发展公司,,,,,,0,0,,,电机制造业,商业电气机械和器材制造业,Bavaria,Toronto,,XETRA,Main Board,,0,1,澳大利亚,0,0,23/3/2026 09:32:16,23/3/2026 09:32:16
3373,2022,300696,国外,明酷润财富管理科技公司,,,,,,0,0,,,航空航天,铁路、船舶、航空航天和其他运输设备制造业,Ontario,Sydney,,LSE,Main Board,,0,1,澳大利亚,0,0,23/3/2026 09:32:16,23/3/2026 09:32:16
3374,2022,300709,国外,凯源联连锁科技公司,,,,,,0,0,,,电子元件及设备,消费电子及电气业,England,Toronto,,,Prime,,0,1,澳大利亚,0,0,23/3/2026 09:32:16,23/3/2026 09:32:16
3377,2022,2908,国外,长控科化工有限公司,,,,,,0,0,,,软件和信息技术服务,信息传输、软件和信息技术服务业,Zurich,New York,,XETRA,,,0,1,澳大利亚,0,0,23/3/2026 09:32:16,23/3/2026 09:32:16
3401,2022,603580,国外,星泽锦玻璃股份公司,,,,,,0,0,,,塑料制品,橡胶和塑料制品业,Tokyo,Sydney,,ASX,Main Board,,0,1,澳大利亚,0,0,23/3/2026 09:32:16,23/3/2026 09:32:16
3409,2022,2928,国外,碧新迈实业集团公司,,,,,,0,0,,,航空交通运输业,交通运输、仓储和邮政业,California,,,LSE,Main Board,,0,1,澳大利亚,0,0,23/3/2026 09:32:16,23/3/2026 09:32:16
3410,2022,300722,国外,华晋润电器发展公司,,,,,,0,0,,,其他制造业,其他制造业,,Toronto,,XETRA,Standard,,0,1,澳大利亚,0,0,23/3/2026 09:32:16,23/3/2026 09:32:16
3414,2022,300632,国外,润会迈能源股份公司,,,,,,0,0,,,电子元件及设备,消费电子及电气业,California,London,,,Prime,,0,1,澳大利亚,0,0,23/3/2026 09:32:16,23/3/2026 09:32:16
3416,2022,300737,国外,远会泽水电集团公司,,,,,,0,0,,,其他非金属制品业,非金属矿物制品业,Zurich,New York,,XETRA,Growth,,0,1,澳大利亚,0,0,23/3/2026 09:32:16,23/3/2026 09:32:16
3423,2022,2873,国外,北盈科生物科技有限公司,,,,,,0,0,,,制药,医药制造业,Ontario,London,,TSX,NASDAQ Global Select,,0,1,澳大利亚,0,0,23/3/2026 09:32:16,23/3/2026 09:32:16
3454,2022,603557,国外,物芯润能源科技公司,,,,,,0,0,,,纺织鞋服业,纺织鞋服业,Ontario,Toronto,,SGX,Main Board,,0,1,澳大利亚,0,0,23/3/2026 09:32:16,23/3/2026 09:32:16
3456,2022,603363,国外,绿车拓水电科技公司,,,,,,0,0,,,食品业,食品饮料业,Zurich,Tokyo,,NYSE,Growth,,0,1,澳大利亚,0,0,23/3/2026 09:32:16,23/3/2026 09:32:16
3458,2022,603321,国外,瑞达景财富管理股份公司,,,,,,0,0,,,通用设备制造业,通用设备制造业,New South Wales,Sydney,,TSX,Prime,,0,1,澳大利亚,0,0,23/3/2026 09:32:16,23/3/2026 09:32:16
3477,2022,300743,国外,招业昌财富管理科技公司,,,,,,0,0,,,其他制造业,其他制造业,Zurich,Tokyo,,LSE,Standard,,0,1,澳大利亚,0,0,23/3/2026 09:32:16,23/3/2026 09:32:16
3487,2022,300644,国外,十环创建筑设计发展公司,,,,,,0,0,,,化工原料,化学原料和化学制品制造业,Tokyo,Frankfurt,,NYSE,NASDAQ Global Select,,0,1,澳大利亚,0,0,23/3/2026 09:32:16,23/3/2026 09:32:16
3489,2022,603516,国外,华工禾电子股份公司,,,,,,0,0,,,电子元件及设备,消费电子及电气业,Ontario,Singapore,,LSE,Growth,,0,1,澳大利亚,0,0,23/3/2026 09:32:16,23/3/2026 09:32:16
3491,2022,2927,国外,碧工智玻璃集团公司,,,,,,0,0,,,电机制造业,商业电气机械和器材制造业,Bavaria,,,SGX,Standard,,0,1,澳大利亚,0,0,23/3/2026 09:32:16,23/3/2026 09:32:16
3496,2022,603259,国外,北芯润建设开发控股公司,,,,,,0,0,,,医药研发服务,科学研究和技术服务业,Tokyo,Frankfurt,,NASDAQ,Standard,,0,1,澳大利亚,0,0,23/3/2026 09:32:16,23/3/2026 09:32:16
3521,2022,300612,国外,启业澜数据服务集团公司,,,,,,0,0,,,商务服务业,租赁和商务服务业,Ontario,,,LSE,,,0,1,澳大利亚,0,0,23/3/2026 09:32:16,23/3/2026 09:32:16
3534,2022,2878,国外,高盈泰新材料科技公司,,,,,,0,0,,,商务服务业,租赁和商务服务业,England,Singapore,,XETRA,Standard,,0,1,澳大利亚,0,0,23/3/2026 09:32:16,23/3/2026 09:32:16
3541,2022,603208,国外,花达锦实业公司,,,,,,0,0,,,家具制造业,家具制造业,Ontario,Singapore,,ASX,,,0,1,澳大利亚,0,0,23/3/2026 09:32:16,23/3/2026 09:32:16
3542,2022,300601,国外,华城昌环境科技股份公司,,,,,,0,0,,,生物科技,医药制造业,New South Wales,Singapore,,TSX,Main Board,,0,1,澳大利亚,0,0,23/3/2026 09:32:16,23/3/2026 09:32:16
3545,2022,603908,国外,科阳盛建筑设计集团公司,,,,,,0,0,,,纺织鞋服业,纺织鞋服业,Ontario,New York,,XETRA,Growth,,0,1,澳大利亚,0,0,23/3/2026 09:32:16,23/3/2026 09:32:16
3552,2022,300585,国外,比芯润船舶有限公司,,,,,,0,0,,,汽车零部件制造业,汽车制造业,England,Singapore,,NASDAQ,Prime,,0,1,澳大利亚,0,0,23/3/2026 09:32:16,23/3/2026 09:32:16
3554,2022,2876,国外,启晋盛城市发展股份公司,,,,,,0,0,,,电子元件及设备,消费电子及电气业,Zurich,Toronto,,NASDAQ,Standard,,0,1,澳大利亚,0,0,23/3/2026 09:32:16,23/3/2026 09:32:16
3561,2022,603200,国外,凯新迈新材料公司,,,,,,0,0,,,水利、环境和公共设施管理业,水利、环境和公共设施管理业,Tokyo,London,,NASDAQ,Prime,,0,1,澳大利亚,0,0,23/3/2026 09:32:16,23/3/2026 09:32:16
3562,2022,300678,国外,润环启通信公司,,,,,,0,0,,,软件和信息技术服务,信息传输、软件和信息技术服务业,England,Toronto,,NYSE,Standard,,0,1,澳大利亚,0,0,23/3/2026 09:32:16,23/3/2026 09:32:16
3581,2022,300617,国外,碧课远实业集团公司,,,,,,0,0,,,光纤电缆制造业,商业电气机械和器材制造业,New South Wales,,,SGX,,,0,1,澳大利亚,0,0,23/3/2026 09:32:16,23/3/2026 09:32:16
3590,2022,300577,国外,保泽盛生物科技科技公司,,,,,,0,0,,,纺织鞋服业,纺织鞋服业,California,Sydney,,NYSE,Standard,,0,1,澳大利亚,0,0,23/3/2026 09:32:16,23/3/2026 09:32:16
3606,2022,2862,国外,长阳澜连锁公司,,,,,,0,0,,,文教、工美、体育和娱乐用品制造业,文教、工美、体育和娱乐用品制造业,Bavaria,Tokyo,,,Main Board,,0,1,澳大利亚,0,0,23/3/2026 09:32:16,23/3/2026 09:32:16
3610,2022,603133,国外,保控启软件发展公司,,,,,,0,0,,,电子元件及设备,消费电子及电气业,Ontario,Frankfurt,,NASDAQ,,,0,1,澳大利亚,0,0,23/3/2026 09:32:16,23/3/2026 09:32:16
3635,2022,300682,国外,物禾科船舶控股公司,,,,,,0,0,,,软件和信息技术服务,信息传输、软件和信息技术服务业,Ontario,Sydney,,TSE,Main Board,,0,1,澳大利亚,0,0,23/3/2026 09:32:16,23/3/2026 09:32:16
3639,2022,603881,国外,高课创传媒集团公司,,,,,,0,0,,,互联网和相关服务,信息传输、软件和信息技术服务业,Zurich,Singapore,,ASX,Growth,,0,1,澳大利亚,0,0,23/3/2026 09:32:16,23/3/2026 09:32:16
3644,2022,300619,国外,招会盛医药控股公司,,,,,,0,0,,,其他专用设备制造业,专用设备制造业,Zurich,Sydney,,XETRA,Standard,,0,1,澳大利亚,0,0,23/3/2026 09:32:16,23/3/2026 09:32:16
3669,2022,300591,国外,启锦昌建筑设计公司,,,,,,0,0,,,纺织鞋服业,纺织鞋服业,Zurich,Sydney,,NASDAQ,Prime,,0,1,澳大利亚,0,0,23/3/2026 09:32:16,23/3/2026 09:32:16
