行业,district,企业总数,中外合资经营企业企业数量,中央国有企业企业数量,国有企业（其他）企业数量,国有企业（院所）企业数量,地方国有企业企业数量,外资企业企业数量,民营企业企业数量,集体企业企业数量,深交所企业数量,港交所企业数量,北交所企业数量,上交所企业数量,民营企业-深交所企业数量,地方国有企业-深交所企业数量,中央国有企业-深交所企业数量,外资企业-深交所企业数量,民营企业-港交所企业数量,外资企业-港交所企业数量,中央国有企业-港交所企业数量,国有企业（其他）-港交所企业数量,国有企业（院所）-深交所企业数量,集体企业-深交所企业数量,地方国有企业-港交所企业数量,中外合资经营企业-深交所企业数量,中外合资经营企业-港交所企业数量,国有企业（院所）-港交所企业数量,集体企业-港交所企业数量,民营企业-北交所企业数量,中央国有企业-北交所企业数量,地方国有企业-北交所企业数量,地方国有企业-上交所企业数量,中央国有企业-上交所企业数量,外资企业-上交所企业数量,民营企业-上交所企业数量,国有企业（其他）-上交所企业数量,中外合资经营企业-上交所企业数量,集体企业-上交所企业数量,国有企业（院所）-上交所企业数量,中外合资经营企业-北交所企业数量,外资企业-北交所企业数量,集体企业-北交所企业数量,总资产合计,总资产均值,总资产最大值,总资产最小值,总资产中位数,净利润金额合计,净利润金额均值,净利润金额最大值,净利润金额最小值,净利润金额中位数,雇员总数合计,雇员总数均值,雇员总数最大值,雇员总数最小值,雇员总数中位数,营业收入金额合计,营业收入金额均值,营业收入金额最大值,营业收入金额最小值,营业收入金额中位数,资产负债率均值,资产负债率最大值,资产负债率最小值,资产负债率中位数,研发投入金额合计,研发投入金额均值,研发投入金额最大值,研发投入金额最小值,研发投入金额中位数,营业收入同比增减幅均值,营业收入同比增减幅最大值,营业收入同比增减幅最小值,营业收入同比增减幅中位数,营业利润金额合计,营业利润金额均值,营业利润金额最大值,营业利润金额最小值,营业利润金额中位数,营业利润同比增减幅均值,营业利润同比增减幅最大值,营业利润同比增减幅最小值,营业利润同比增减幅中位数,净利润同比增减幅均值,净利润同比增减幅最大值,净利润同比增减幅最小值,净利润同比增减幅中位数,研发投入同比增减幅均值,研发投入同比增减幅最大值,研发投入同比增减幅最小值,研发投入同比增减幅中位数,研发投入占比均值,研发投入占比最大值,研发投入占比最小值,研发投入占比中位数,研发投入占比增减幅均值,研发投入占比增减幅最大值,研发投入占比增减幅最小值,研发投入占比增减幅中位数,资本化研发投入合计,资本化研发投入均值,资本化研发投入最大值,资本化研发投入最小值,资本化研发投入中位数,资本化研发投入同比增减幅均值,资本化研发投入同比增减幅最大值,资本化研发投入同比增减幅最小值,资本化研发投入同比增减幅中位数,研发人员数量合计,研发人员数量均值,研发人员数量最大值,研发人员数量最小值,研发人员数量中位数,研发人员同比增减幅均值,研发人员同比增减幅最大值,研发人员同比增减幅最小值,研发人员同比增减幅中位数,雇员同比增减幅均值,雇员同比增减幅最大值,雇员同比增减幅最小值,雇员同比增减幅中位数,政府奖励资金、补贴合计,政府奖励资金、补贴均值,政府奖励资金、补贴最大值,政府奖励资金、补贴最小值,政府奖励资金、补贴中位数,公司市值合计,公司市值均值,公司市值最大值,公司市值最小值,公司市值中位数,累计中国专利申请数合计,累计中国专利申请数均值,累计中国专利申请数最大值,累计中国专利申请数最小值,累计中国专利申请数中位数,累计PCT专利申请数合计,累计PCT专利申请数均值,累计PCT专利申请数最大值,累计PCT专利申请数最小值,累计PCT专利申请数中位数,累计中国发明专利授权数合计,累计中国发明专利授权数均值,累计中国发明专利授权数最大值,累计中国发明专利授权数最小值,累计中国发明专利授权数中位数,累计中国发明专利失效数合计,累计中国发明专利失效数均值,累计中国发明专利失效数最大值,累计中国发明专利失效数最小值,累计中国发明专利失效数中位数,累计PCT发明专利失效数合计,累计PCT发明专利失效数均值,累计PCT发明专利失效数最大值,累计PCT发明专利失效数最小值,累计PCT发明专利失效数中位数,年度中国专利申请数合计,年度中国专利申请数均值,年度中国专利申请数最大值,年度中国专利申请数最小值,年度中国专利申请数中位数,年度PCT专利申请数合计,年度PCT专利申请数均值,年度PCT专利申请数最大值,年度PCT专利申请数最小值,年度PCT专利申请数中位数,年度中国发明专利申请数合计,年度中国发明专利申请数均值,年度中国发明专利申请数最大值,年度中国发明专利申请数最小值,年度中国发明专利申请数中位数,年度PCT发明专利申请数合计,年度PCT发明专利申请数均值,年度PCT发明专利申请数最大值,年度PCT发明专利申请数最小值,年度PCT发明专利申请数中位数,年度中国专利授权数合计,年度中国专利授权数均值,年度中国专利授权数最大值,年度中国专利授权数最小值,年度中国专利授权数中位数,年度中国发明专利授权数合计,年度中国发明专利授权数均值,年度中国发明专利授权数最大值,年度中国发明专利授权数最小值,年度中国发明专利授权数中位数,研发人员占比均值,研发人员占比最大值,研发人员占比最小值,研发人员占比中位数,国家科技进步奖合计,国家科技进步奖均值,国家科技进步奖最大值,国家科技进步奖最小值,国家科技进步奖中位数,国家技术发明奖合计,国家技术发明奖均值,国家技术发明奖最大值,国家技术发明奖最小值,国家技术发明奖中位数,省/部级科技进步奖合计,省/部级科技进步奖均值,省/部级科技进步奖最大值,省/部级科技进步奖最小值,省/部级科技进步奖中位数,省/部级技术发明奖合计,省/部级技术发明奖均值,省/部级技术发明奖最大值,省/部级技术发明奖最小值,省/部级技术发明奖中位数,国际行业奖项合计,国际行业奖项均值,国际行业奖项最大值,国际行业奖项最小值,国际行业奖项中位数,国家自然科学奖合计,国家自然科学奖均值,国家自然科学奖最大值,国家自然科学奖最小值,国家自然科学奖中位数,省/部级自然科学奖合计,省/部级自然科学奖均值,省/部级自然科学奖最大值,省/部级自然科学奖最小值,省/部级自然科学奖中位数,省/部级科学技术奖合计,省/部级科学技术奖均值,省/部级科学技术奖最大值,省/部级科学技术奖最小值,省/部级科学技术奖中位数,省级企业科技创新奖合计,省级企业科技创新奖均值,省级企业科技创新奖最大值,省级企业科技创新奖最小值,省级企业科技创新奖中位数,总负债合计,总负债均值,总负债最大值,总负债最小值,总负债中位数,累计所有专利被引用数合计,累计所有专利被引用数均值,累计所有专利被引用数最大值,累计所有专利被引用数最小值,累计所有专利被引用数中位数,累计核心专利被引次数合计,累计核心专利被引次数均值,累计核心专利被引次数最大值,累计核心专利被引次数最小值,累计核心专利被引次数中位数,累计中国发明专利申请数合计,累计中国发明专利申请数均值,累计中国发明专利申请数最大值,累计中国发明专利申请数最小值,累计中国发明专利申请数中位数,累计PCT发明专利申请数合计,累计PCT发明专利申请数均值,累计PCT发明专利申请数最大值,累计PCT发明专利申请数最小值,累计PCT发明专利申请数中位数,参与起草国家标准合计,参与起草国家标准均值,参与起草国家标准最大值,参与起草国家标准最小值,参与起草国家标准中位数,参与起草行业标准合计,参与起草行业标准均值,参与起草行业标准最大值,参与起草行业标准最小值,参与起草行业标准中位数
金融业,全国,297,5,64,1,2,105,7,112,1,38,174,,85,14,18,5,,88,7,35,1,,,40,1,2,1,,,,,47,24,,10,,2,1,1,,,,543832268975893,1831085080726.91,39609657845935,2863964,80994469231,4554907933924.06,15336390349.9127,361038093528,-33381475662,837989445.7,7584387,25622.9290540541,452273,2,2939,20508824715710,70235701081.1987,1221351299521,-1027290111,4952405304,518.420572390572,134285.28,0,77.43,10646575127,171718953.662258,1345003755,411100.8,39807801.16,-5.492852234,301.89,-183.35,-4.76,5238784559540.95,17639005250.9796,420378094969,-37116298626,1010930425,-203.7270608,1048.94,-29917.58,-23.215,-112.6943919,1497.38,-4184.42,-16.535,55.7864912280702,2070.55,-58.77,18.02,6.78081967213115,94.88,0.02,2.1,1.66464285714286,89.72,-38.5,0.2,658392006.5,59853818.7690909,187261241,945935.12,41493864.35,-5.207777778,44.67,-92.93,2.14,36894,683.222222222222,10822,5,242,17.9839534883721,582,-52.18,7.11,26.0008802816901,6044.61,-99.6,1.91,28327519272,124790833.798943,1364715834,510,39821504.22,249513.45,840.112626262626,16386,0.1,153,108508,627.21387283237,23981,1,30,1369,52.6538461538462,1177,1,3,18539,153.214876033058,10978,1,8,12271,103.117647058824,5015,1,7,0,0,0,0,0,31621,277.377192982456,4534,1,16,40,10,34,1,2.5,28032,254.836363636364,4140,1,15.5,40,10,34,1,2.5,7035,68.3009708737864,1085,1,9,3442,40.9761904761905,711,1,5,14.0081481481481,64.25,0.64,6.99,0,0,0,0,0,0,0,0,0,0,6,2,3,1,2,0,0,0,0,0,0,0,0,0,0,0,0,0,0,0,0,0,0,0,0,0,0,0,0,0,0,0,0,0,0,458563864276821,1543986075006.13,36095831331341,660869.5,58711590509,266294,1718.02580645161,139528,1,85,0,0,0,0,0,88295,558.829113924051,18968,1,21,1364,52.4615384615385,1172,1,3,67,2.91304347826087,9,1,1,69,2.09090909090909,6,1,2
房地产业,全国,295,,27,1,,76,42,148,1,51,185,,59,24,17,7,2,112,34,17,1,,1,21,,,,,,,,38,3,6,12,,,,,,,,28569786513373.2,96846733943.6381,1757163116848,1729717.79,16131042096,61999748432,210168638.75261,37550973261,-23694822257,65705512,2628559,8971.19112627986,227708,8,1222,6162648684137.83,20890334522.5011,503838390573.74,3028039.91,3147341727,333.700542372881,80518.87,-86.16,64.1,13658905917,213420404.957656,2545547215,623971.77,25907304.32,12.7559661016949,3147.7,-91.63,-4.19,350229097955.16,1187217281.20393,80080947264,-23750237460,130368786,-77.03748299,682.81,-3035.66,-30.355,-153.482339,740.55,-8591.15,-36.89,18.6070175438597,543.8,-94.11,1.68,1.6025,26.8,0,0.345,0.206666666666667,9.05,-4.5,0.03,451425067.3,64489295.3257143,316382312,476966.57,15490827.04,16.9216666666667,97.59,-94.67,36.7,9725,231.547619047619,1908,7,87,33.3563636363636,802,-67.43,3.7,-6.024840989,528.65,-84.73,-6.24,10317379885,44471465.0222414,880131109.5,608,9166065,30559.22,103.590576271186,2187,0.23,27,24119,207.922413793103,5617,1,27.5,175,13.4615384615385,126,1,2,2746,36.6133333333333,1055,1,6,2640,35.6756756756757,626,1,7,0,0,0,0,0,3149,47.7121212121212,775,1,18,34,17,33,1,17,949,17.5740740740741,171,1,6.5,34,17,33,1,17,3637,53.4852941176471,863,1,16,719,14.9791666666667,400,1,2,8.44238095238095,61.49,0.26,2.945,0,0,0,0,0,0,0,0,0,0,5,2.5,3,2,2.5,0,0,0,0,0,0,0,0,0,0,0,0,0,0,0,0,0,0,0,0,0,0,0,0,0,0,0,0,0,0,21468004266094.5,72772895817.2694,1434894926335,-16582853781,10251430707,33363,337,6946,1,63,0,0,0,0,0,8927,98.0989010989011,2816,1,17,172,13.2307692307692,123,1,2,20,1.66666666666667,4,1,1,3,1,1,1,1
信息传输、软件和信息技术服务业,全国,644,9,31,3,8,49,27,517,,275,211,17,141,226,26,12,4,178,16,7,,5,,9,2,1,,,17,,,14,12,7,96,3,6,,3,,,,18848109950318,29267251475.649,1935538557267,16795609.5,2489143739,732802222019.22,1137891649.09817,188709031875,-13689352993,23679103.12,5547873,8641.54672897196,450682,9,1029.5,10935101199458.3,16979970806.6123,1046236593774,1105234.7,1057590614,35.7106677018634,184.4,-9.1,32.01,616535246522.23,1017384895.2512,61401027752,833531,120951532.6,18.9832142857143,10054.42,-92.23,0.245,849947529940.01,1319794301.14908,161306048644,-12557941587,28229315.95,-137.1754037,5171.01,-14385.3,-16.595,-123.5648137,1908.11,-15942,-15.96,179.784857142857,99540.03,-78.3,6.48,16.9307095709571,221.6,0.03,11.82,1.98752122241087,161.69,-472,0.48,23819036162,136891012.423793,4055287084,39048,27961992.52,44.3449689440994,2829.46,-109,5.82,658591,1266.52115384615,39771,5,398,3.20540650406504,223.63,-90.03,2.365,2.11697115384615,416.95,-71.91,0.115,46033196555,80057733.1387652,11119084146,40,8723743.79,203685.87,316.774292379471,29295,0.12,52,475892,833.436077057793,42882,1,117,30613,166.375,6876,1,7,134978,252.767790262172,20650,1,27,66389,126.696564885496,4899,1,21.5,0,0,0,0,0,62137,134.787418655098,4134,1,21,2529,40.7903225806452,618,1,5,53847,120.463087248322,3787,1,14,2519,40.6290322580645,615,1,5,42455,91.3010752688172,4513,1,13,32067,73.5481651376147,4349,1,7,37.5617115384615,93.68,0.92,36.265,0,0,0,0,0,0,0,0,0,0,51,1.30769230769231,4,1,1,10,1,1,1,1,0,0,0,0,0,0,0,0,0,0,1,1,1,1,1,7,1.16666666666667,2,1,1,0,0,0,0,0,7561696485258.45,11741764728.6622,795271048873,-152184384,685013528.2,1811822,3258.6726618705,254837,1,340.5,0,0,0,0,0,392727,696.324468085106,39856,1,78,30580,166.195652173913,6870,1,7,503,4.22689075630252,26,1,2,468,7.2,98,1,2
水利、环境和公共设施管理业,全国,104,,8,,2,24,1,69,,58,10,3,33,40,10,5,1,5,,2,,2,,3,,,,,3,,,11,1,,21,,,,,,,,1002982158386.81,9644059215.25779,163581000000,301720811.7,3443631216,7804221335,75040589.7563462,4733216367,-6110904212,39172303.72,486672,4724.97087378641,77480,89,941,239420090879.19,2302116258.45375,32030997816,53482492.2,827687427.3,47.6867307692308,97.38,3.6,48.34,5230432631,60818984.0823256,364233491.3,181829.55,35693399.2,-5.000673077,308.64,-69.13,-9.25,16510530548,158755101.425481,9097395422,-5594798661,45999216.15,-197.233301,196,-5462.61,-28.49,-734.2433654,184.32,-55960.82,-29.745,23.8970588235294,1027.75,-70.08,4.12,4.31732558139535,15.72,0.1,3.8,0.499761904761905,7.75,-22,0.125,287148802.7,17946800.165625,54471445.6,91047,10094006.55,55.4575,287.26,-105,27.4,14955,184.62962962963,1419,5,108,8.1948,95.37,-83.07,2.65,-1.791764706,39.06,-63.23,-1.325,1906173291,18328589.3330769,207363155.5,32028.93,8721711.685,4760.39,45.7729807692308,290,2.42,32.5,30800,320.833333333333,1906,1,212.5,140,5,25,1,3.5,3888,44.6896551724138,544,1,21,3314,38.5348837209302,225,1,24.5,0,0,0,0,0,3446,39.6091954022989,243,1,21,5,1.25,2,1,1,1251,16.2467532467532,115,1,10,5,1.25,2,1,1,3376,38.3636363636364,202,1,24.5,596,8.3943661971831,65,1,6,14.390987654321,47.93,0.03,13.09,0,0,0,0,0,0,0,0,0,0,1,1,1,1,1,2,1,1,1,1,0,0,0,0,0,0,0,0,0,0,0,0,0,0,0,2,1,1,1,1,0,0,0,0,0,606897753735.97,5835555324.38433,109855099841.29,16079737.74,1617686554,61686,670.5,4613,4,401.5,0,0,0,0,0,11176,122.813186813187,884,1,81,140,5,25,1,3.5,25,1.92307692307692,7,1,1,4,1,1,1,1
铁路、船舶、航空航天和其他运输设备制造业,全国,99,,42,,1,5,,51,,39,12,,48,26,3,10,,5,,7,,,,,,,,,,,,2,25,,20,,,,1,,,,2762938148623.81,27908466147.7153,442140158342,319283634.1,4795121511,70023860393,707311721.13798,14352153568,-2432715370,162154479.1,807726,8158.84848484848,157211,72,1611,1254205621952.9,12668743656.0899,222938654952,44317137,1772956737,41.4434343434343,110.3,7.54,40.8,69505941964,702080221.861717,13292402969,1724689.92,111002099.6,9.16181818181818,188.74,-87.55,6.25,78215600220,790056567.881515,15979799953,-2576752680,176764498.4,-18.4,6566.16,-2612.36,3.8,-62.52787879,1539.93,-2214.2,0.6,24.4247959183673,633.44,-47.26,12.695,9.88171717171717,308.8,0.88,6.48,2.91285714285714,263.31,-6.76,0.155,2925450565,97515018.8423333,353771542.9,287901.96,49805039.86,6.98193548387097,195.87,-103,0.91,152065,1600.68421052632,36371,11,267,16.6379569892473,326,-49.3,6.41,10.7726262626263,332.9,-37.33,1.5,8263177781,85187399.7998969,1972136793,-263022.78,16934977.2,21359.93,215.756868686869,1751,6.2,76,239867,2447.62244897959,53058,1,471.5,4537,94.5208333333333,1739,1,5,49173,512.21875,11278,3,48,33092,341.154639175258,7379,1,33,0,0,0,0,0,23965,249.635416666667,4367,1,44.5,291,13.8571428571429,119,1,3,13948,149.978494623656,2668,1,19,288,13.7142857142857,119,1,3,20516,218.255319148936,4249,2,49,8120,99.0243902439024,1999,1,11.5,21.5521052631579,55.77,4.78,19.79,0,0,0,0,0,0,0,0,0,0,52,2.88888888888889,20,1,1,6,1,1,1,1,0,0,0,0,0,0,0,0,0,0,0,0,0,0,0,11,1.83333333333333,5,1,1,2,1,1,1,1,1528695118475.28,15441364833.0836,251154294973,93877021.74,2035954956,436317,4498.11340206186,92495,10,678,0,0,0,0,0,119505,1232.01030927835,26556,5,149,4536,94.5,1737,1,5,180,5.80645161290323,65,1,2,12,1.71428571428571,3,1,1
综合,全国,34,,1,,,6,6,21,,7,20,,7,4,3,,,12,5,1,,,,2,,,,,,,,1,,1,5,,,,,,,,11422748071770.4,335963178581.483,10122371910214,106759043.8,4411844294,123246212080.47,3624888590.60206,105574167248,-425630074.7,46011494.73,439485,12926.0294117647,161490,13,563.5,1008515172679.21,29662210961.1532,661824863023,38374337,657318145.3,57.7435294117647,208.55,-25.73,60.905,23722267153,1694447653.81643,15276874766,5079526.59,148481242.4,22.4108823529412,488.87,-58.08,8.46,157507000000,4632571718.54706,126882815061,-488563926.5,109522602.3,51.1305882352941,2814.07,-1356.64,17.86,-54.64970588,431.79,-2573.56,22.015,12.5216666666667,87.32,-26.11,11.09,4.00785714285714,6.46,0.4,4.3,-0.183333333,0.66,-1.36,0.015,51791896.21,17263965.4033333,37832742.86,1338687.48,12620465.87,15.8933333333333,161.2,-78.18,-35.34,3725,372.5,1550,27,165.5,-7.795555556,30.27,-87.31,1.64,2.551875,111.78,-61.44,-0.65,1452833082,48427769.3926667,788803682,744.43,3711108.37,4302.34,126.539411764706,2506,0.39,23,5422,451.833333333333,1385,8,256,61,15.25,31,4,13,878,79.8181818181818,429,4,28,668,55.6666666666667,220,3,19,0,0,0,0,0,534,59.3333333333333,157,1,32,2,2,2,2,2,181,20.1111111111111,48,1,14,2,2,2,2,2,550,61.1111111111111,181,2,36,180,25.7142857142857,134,1,6,13.264,28.04,0.97,10.795,0,0,0,0,0,0,0,0,0,0,3,3,3,3,3,0,0,0,0,0,0,0,0,0,0,0,0,0,0,0,0,0,0,0,0,0,0,0,0,0,0,0,0,0,0,9829246971915.45,289095499173.984,8937927327078,-1292416793,1923263577,10971,914.25,3611,127,295.5,0,0,0,0,0,2060,171.666666666667,766,3,41.5,61,15.25,31,4,13,12,6,6,6,6,0,0,0,0,0
建筑业,全国,148,1,25,,,37,10,75,,54,40,2,52,28,20,4,1,23,6,8,,,,3,1,,,,2,,,14,13,3,22,,,,,,,,19320822555051.6,130546098344.943,2652903255775,37490464.5,6947580864,358303965420.23,2420972739.32588,69211712126,-5559706237,50761633.39,2985620,20449.4520547945,382437,10,1325.5,12683425500139,85698820946.885,2055052234125,25258539.5,2689822972,67.5087837837838,149.4,10.14,71.795,330426130285.44,2708410903.97902,49753217954,596808.66,100018104.8,6.04317567567568,688.42,-79.73,0.09,448147659669.68,3028024727.49784,86733067253,-5617801644,74448017.85,-80.1477027,858.57,-4224.64,-0.535,-147.1711486,1221.01,-10066.22,-0.62,19.0874358974359,609.49,-94.8,8.34,3.21393442622951,17,0,3.11,0.317391304347826,11.71,-11.79,0.1,790169751.4,35916806.8836364,234710698,169805.38,11067251.58,-33.96176471,104.33,-104,-41.43,286021,2698.31132075472,35029,4,282.5,2.16644230769231,193.5,-61.4,-0.695,2.16547945205479,565.94,-81.45,-0.795,12861019482,91212904.1303546,1480002376,-15202005.48,7945743.56,21506.48,145.314054054054,2400,0.15,36.5,281768,2309.5737704918,53649,8,290.5,859,19.0888888888889,165,1,5,28475,243.376068376068,5144,1,35,22022,188.222222222222,3414,1,29,0,0,0,0,0,45054,388.396551724138,9486,1,33,69,4.92857142857143,14,1,2,16808,154.201834862385,3938,1,11,69,4.92857142857143,14,1,2,39742,339.675213675214,8047,1,33,5703,60.0315789473684,1258,1,5,17.213619047619,66.03,0.46,15.7,0,0,0,0,0,0,0,0,0,0,296,12.8695652173913,63,1,5,24,2.66666666666667,9,1,2,0,0,0,0,0,0,0,0,0,0,0,0,0,0,0,22,3.14285714285714,5,1,3,3,1,1,1,1,14419989715423.4,97432362942.0501,1972516839765,6982061,4815749291,392529,3244.04132231405,67199,4,552,0,0,0,0,0,99055,811.926229508197,19690,2,91.5,859,19.0888888888889,163,1,5,259,7.84848484848485,47,1,3,54,3.375,17,1,2
非金属矿物制品业,全国,125,,16,,1,20,7,80,1,52,23,6,44,36,5,7,3,15,2,4,,1,,2,,,,,6,,,13,5,2,23,,,1,,,,,2890044790090.45,23120358320.7236,482467397787,74086714,5045992545,106539547344.57,852316378.75656,16357378111,-4419949041,177912384.4,863907,6911.256,150463,29,2457,1417326370033.4,11338610960.2672,230167764942,11749396,2687549888,42.17016,97.19,5.5,43.49,26630884637,239917879.615586,3749112327,1270563,93366754,9.54653225806452,181.98,-75.44,-1.315,117498524891.71,939988199.13368,19473620760,-4330735991,194634498.5,-87.68887097,286.69,-2190.75,-19.085,-115.4550806,421.26,-5086.23,-16.52,33.5871028037383,806.13,-60.29,12.16,3.72117117117117,11.57,0.3,3.76,0.284245283018868,5.79,-3.44,0.16,621279935.9,38829995.994375,225150763.9,1581861.7,33152992.89,53.755625,316.94,-107,22.67,65867,652.148514851485,11458,20,229,35.7085106382979,1029.9,-27.62,6.38,4.51565573770492,106.9,-73.34,-0.8,8614396221,69470937.2683871,1335416926,41127,18614804.79,14990.75,119.926,1191,0.3,56,82989,727.973684210526,8746,2,256,565,12.0212765957447,100,1,4,10390,93.6036036036036,1058,1,29,8042,73.1090909090909,874,1,23.5,0,0,0,0,0,11443,106.943925233645,1610,1,29,67,4.78571428571429,16,1,2.5,3922,41.2842105263158,467,1,12,67,4.78571428571429,16,1,2.5,10807,101,1618,1,29,2134,23.195652173913,256,1,6,12.2144554455446,37.24,1.05,11.89,0,0,0,0,0,0,0,0,0,0,19,1.58333333333333,3,1,1,1,1,1,1,1,0,0,0,0,0,0,0,0,0,0,0,0,0,0,0,2,1,1,1,1,0,0,0,0,0,1401935800646.66,11215486405.1733,290128895553,23543196,2143235788,132967,1176.69911504425,13052,1,404,0,0,0,0,0,26742,238.767857142857,2807,1,81,567,12.063829787234,102,1,4,172,3.58333333333333,26,1,2,21,1.75,3,1,1.5
消费电子及电气业,全国,358,3,13,,2,36,30,269,5,201,62,15,80,157,20,9,12,45,12,,,1,,3,2,,1,1,12,,2,11,4,6,55,,1,3,,,,1,6018378146258.75,16811112140.3876,422555200847,1248602,2630007593,229429675195.53,640865014.512654,29810243692,-5695574263,103876189.7,3114738,8724.75630252101,236996,19,1759,5240651889524.87,14638692428.8404,511849502197,25922052.6,1653988429,85.7025698324022,16555.12,-93.48,39.365,245156000000,733998822.822455,16028154872,755165.21,102338955.9,-2.52972067,141.73,-85.62,-3.555,271381338100.19,758048430.447458,34763290354,-5319567689,110941890.1,-61.88248603,1253.8,-11881.09,-12.925,-21.29972067,3807.7,-3178.83,-13.025,10.4800600600601,119.67,-81.76,8.76,7.77502994011976,120.6,0.05,5.53,1.2841641337386,56.52,-12.06,0.53,13964814695,324763132.447209,4287428372,1992613.83,74853296.86,43.5151282051282,654.79,-104,1,433551,1416.83333333333,31619,4,306,5.88654109589041,105.64,-54.98,5.38,-3.316543909,82.28,-95.89,-2.11,31502089958,90263868.0737536,5458661621,23180,14870562.8,61089.07,171.598511235955,5008,0.16,48.5,1139203,3431.3343373494,175304,2,484,85953,401.64953271028,24907,1,10.5,217188,666.220858895706,33734,1,43,142247,437.683076923077,16455,1,35,0,0,0,0,0,132860,420.443037974684,17780,1,56.5,8686,103.404761904762,2647,1,6.5,63940,213.133333333333,8729,1,18,8686,103.404761904762,2648,1,6.5,127953,399.853125,15888,1,52.5,43780,157.482014388489,5029,1,9,19.4283660130719,85.49,1.87,15.78,0,0,0,0,0,0,0,0,0,0,29,1.61111111111111,7,1,1,5,1,1,1,1,0,0,0,0,0,0,0,0,0,0,0,0,0,0,0,10,1.11111111111111,2,1,1,0,0,0,0,0,3354077377135.88,9368931221.04994,270631480233,-331226347.5,1061211391,2603520,7889.45454545455,377743,6,673,0,0,0,0,0,582534,1781.4495412844,67715,1,144,86046,405.877358490566,24961,1,11,381,5.01315789473684,50,1,2,36,2.4,7,1,1
文教、工美、体育和娱乐用品制造业,全国,39,,,,,4,2,33,,19,14,,6,15,3,,1,13,1,,,,,,,,,,,,,1,,,5,,,,,,,,126801854242.03,3251329595.94949,26004868992,67128475.71,1408739687,1272593791,32630610.0230769,2267850320,-3716924589,8324226.86,63293,1622.89743589744,7350,63,1077,143952711607.76,3691095169.42974,63010110376,84959688.43,728733818,49.1894871794872,259.36,3.3,41.54,1689653638,58263918.5468966,349275781,273700.72,27449348.94,1.91641025641026,195.82,-53,-8.47,3761786200,96456056.4082051,3017270484,-3072423100,10540505.74,-39.24794872,1396.47,-1360.68,-6.73,-199.2415789,448.17,-4062,-9.2,71.3003571428571,2220.81,-67.24,-9.875,5.76206896551724,72.81,0.02,3.7,2.32777777777778,70.28,-11.29,0.04,55885177.25,18628392.4166667,50953124.8,1287858.45,3644194,32.5933333333333,139.86,-24.74,-17.34,3981,173.086956521739,621,7,90,-4.287727273,107.84,-36.33,-10.59,6.50894736842105,569.76,-82.2,-7.715,582046368.1,16167954.6697222,137681073.9,31876.2,3360677.76,2085.4,53.4717948717949,410,0.29,23,38407,1280.23333333333,12474,5,362.5,456,50.6666666666667,201,1,4,1019,39.1923076923077,468,1,9,632,21.7931034482759,249,2,5,0,0,0,0,0,2642,101.615384615385,1017,1,33.5,19,6.33333333333333,16,1,2,205,11.3888888888889,104,1,4,19,6.33333333333333,16,1,2,3066,117.923076923077,1042,1,27,131,8.73333333333333,51,1,3,11.2569565217391,23.13,0.62,9.59,0,0,0,0,0,0,0,0,0,0,1,1,1,1,1,1,1,1,1,1,0,0,0,0,0,0,0,0,0,0,0,0,0,0,0,0,0,0,0,0,0,0,0,0,0,60777734758,1558403455.33282,14023312908,27103446.76,541122862.5,15927,530.9,6907,4,170,0,0,0,0,0,2739,94.448275862069,1155,2,25,462,51.3333333333333,207,1,4,20,2.5,8,1,1.5,1,1,1,1,1
批发和零售业,全国,273,2,19,,1,65,30,152,4,88,88,1,96,51,20,8,3,55,25,4,,1,3,4,2,,,,1,,,41,7,2,45,,,1,,,,,5160452135236.19,18902755074.1252,664754000000,13514285.76,5154031135,78307304518,286839943.290879,14345476461,-20206371591,78000847,2160625,7943.47426470588,400077,21,1832.5,7120885414668.1,26083829357.7586,832812038275.32,5142332.7,3970535358,59.620989010989,947.59,0.9,54.63,18894885109,132132063.702448,2800235364,51014.86,34269865.69,29.6939926739927,4539.86,-99.99,-1.82,134244758549.05,491739042.304212,20604411442,-20285451731,104900503.8,-438.0530037,6432.83,-117208.34,-10.1,-257.1524265,2772.34,-48331.04,-11.55,44.1907751937985,2221.3,-88.99,14.35,1.02127659574468,9.23,0,0.4,0.0650406504065041,3.95,-8.49,0.05,2537411708,76891263.8827273,688038537,81247.49,15280505.1,30.4025714285714,460.43,-105,1.87,30018,238.238095238095,1868,2,112.5,19.2156756756757,408,-107,8.55,-0.730446097,309,-97.06,-4.18,39254519889,156392509.518685,29571598298,2008,11268719.4,22898.1,83.8758241758242,1694,0.2,39,35897,203.960227272727,3698,1,43.5,474,14.8125,89,1,5,3907,30.7637795275591,555,1,7,3494,31.4774774774775,508,1,7,0,0,0,0,0,3619,31.198275862069,345,1,10.5,32,4.57142857142857,10,1,3,927,10.5340909090909,68,1,5,32,4.57142857142857,10,1,3,3511,30.008547008547,363,1,10,594,7.425,69,1,2,6.90944444444444,46.21,0.11,4.325,0,0,0,0,0,0,0,0,0,0,8,1,1,1,1,2,1,1,1,1,0,0,0,0,0,0,0,0,0,0,0,0,0,0,0,0,0,0,0,0,0,0,0,0,0,3385777611592.35,12402115793.3786,499410559790.76,6145375.29,2547302790,49291,328.606666666667,5683,1,66.5,0,0,0,0,0,10205,71.8661971830986,1277,1,16,474,14.8125,89,1,5,51,2.42857142857143,8,1,1,8,1.33333333333333,2,1,1
半导体业,全国,172,9,12,2,2,16,20,111,,61,27,2,82,47,7,3,2,14,7,2,1,1,,2,1,1,,,1,1,,7,6,11,49,1,7,,1,,,,2958033748580.57,17197870631.2824,748542556732,107898899.2,4107079519,366236231519.28,2129280415.80977,217238445854,-747632184.3,153600601.3,753598,4381.38372093023,97016,100,1199,1494377201673.42,8688239544.61291,495124003538,47388149.8,1809167513,31.964011627907,97.4,1.51,30.365,106190452873.52,628345874.991243,35706980159,106450,142990205.4,21.7761046511628,2390.79,-42.84,3.57,411298557285.26,2391270681.89105,245229290144,-983354965.8,165829568.6,-32.29348837,1307.4,-2564.3,-9.03,-24.55174419,2119.8,-1828.2,-10.87,20.2516666666667,125.87,-65,18.18,11.1413017751479,57.12,0.04,7.17,-0.610180723,27.04,-350.35,0.635,4019716231,167488176.287083,1068025652,177864,30616632.44,-1.891666667,124.42,-106,-0.78,137893,872.740506329114,21926,31,363,15.832380952381,127.79,-42.61,12.28,9.6821686746988,132.09,-33.9,7.69,13966529456,84645633.068303,1938975260,174460.03,18594136.2,73367.84,426.557209302326,37899,0.6,96.5,149671,935.44375,15240,2,357.5,4596,47.3814432989691,1600,1,12,54069,340.056603773585,8949,3,60,28447,177.79375,3966,1,43,0,0,0,0,0,12187,77.6242038216561,1617,1,39,308,8.55555555555556,69,1,4,8106,54.4026845637584,1522,1,22,308,8.55555555555556,69,1,4,10113,64.8269230769231,781,1,31.5,5160,35.3424657534247,732,1,13,31.1426582278481,90.43,3.38,20.25,0,0,0,0,0,0,0,0,0,0,9,1.28571428571429,3,1,1,0,0,0,0,0,0,0,0,0,0,0,0,0,0,0,0,0,0,0,0,4,1,1,1,1,2,1,1,1,1,948009008876.35,5511680284.16483,179687394951,40480911,957715819.6,833604,5210.025,326577,20,670.5,0,0,0,0,0,109066,681.6625,14192,2,188.5,4589,47.3092783505155,1601,1,12,70,3.18181818181818,8,1,3,0,0,0,0,0
电力、热力、燃气及水生产和供应业,全国,189,,44,1,,81,5,56,2,51,57,1,80,15,25,10,1,21,4,13,,,,18,,,,1,1,,,38,21,,19,1,,1,,,,,10819000119561.9,57243386875.9887,578454000000,29934477.73,16760782025,222800912000.85,1178840804.2373,25101921432,-10972600334,239969189,1031955,5548.14516129032,71955,30,2034.5,3704370232298.07,19599842498.9316,246724741445,32956737,4522161646,69.0042857142857,1759.1,5.1,58.89,28521950480,230015729.678629,3852534248,2001,25299493.66,14.3587830687831,361.3,-89.5,12.61,303355925870.98,1605057808.84116,30388062443,-10813936893,332418739.9,6.34190476190476,1229.86,-1442.19,7.78,-8.805132275,1241.96,-5770.88,3.67,99.9257627118644,3084.1,-99.96,11.385,1.14704918032787,9.12,0,0.625,0.156814159292035,2.83,-1.4,0,6511163951,197307998.510909,1982740987,3931,13450901.38,103.191212121212,3135.53,-108,1.52,49696,492.039603960396,13028,1,102,37.1246511627907,365,-65.58,14.255,2.77236559139785,303.31,-91.75,0.475,16091590134,89897151.5841341,1804434153,9635.48,19186757.72,40604.06,214.836296296296,5397,0.32,81,77933,496.388535031847,6719,1,101,741,28.5,209,1,3,8257,61.162962962963,1339,1,14,5472,40.8358208955224,637,1,10,0,0,0,0,0,14722,112.381679389313,1078,1,27,116,9.66666666666667,36,1,2,6050,56.5420560747664,755,1,9,116,9.66666666666667,36,1,2,12308,92.5413533834586,899,1,22,1877,20.1827956989247,309,1,5,8.10079207920792,27.98,0.14,5.28,0,0,0,0,0,0,0,0,0,0,32,1.6,5,1,1,4,1,1,1,1,0,0,0,0,0,0,0,0,0,0,0,0,0,0,0,2,1,1,1,1,0,0,0,0,0,6926103652893.21,36646051073.5091,376905781299,82595323,10136026245,95234,630.688741721854,8790,1,165,0,0,0,0,0,29684,206.138888888889,4203,1,36,725,27.8846153846154,204,1,3,113,3.32352941176471,35,1,1,5,1.66666666666667,3,1,1
汽车制造业,全国,230,4,17,,,31,17,161,,90,43,7,90,71,11,5,1,26,6,2,,,,7,2,2,,,6,,,13,10,9,58,,,,,,1,,6614691738780.92,28759529299.0475,990107356825.74,303533469,4721967993,125172510370.83,544228305.96013,22842639918,-14437179293,98185095.73,3254510,14150.0434782609,570173,62,3012,4614449954119.47,20062825887.476,720987593891.01,20406413,2912109176,46.1366956521739,139.3,0.1,46.325,248393000000,1089445153.66184,20866154583,257499,128442145.9,12.0420869565217,301.92,-61.12,8.04,131134276252.03,570149027.182739,26022250924,-15640662929,106879603.7,-335.7193913,6701.54,-78044.1,-3.25,-67.8413913,3986.06,-13339.1,-0.12,17.9649122807018,593.95,-96.18,11.045,6.13368421052632,54.1,0.51,4.615,0.202368421052632,26.2,-37.45,0.145,47005225893,1175130647.3315,7616945082,1471831.43,172467851,636.277804878049,25075.11,-108,13.52,388739,1868.9375,69609,18,399.5,16.6497487437186,680.36,-57.36,7.56,10.1607423580786,182.04,-65.58,3.18,27693088168,123629857.891339,3659336975,36067.5,17509126.82,53641.58,233.224260869565,7211,0.41,51.5,481453,2139.79111111111,36411,2,442,9652,92.8076923076923,2468,1,7.5,66000,301.369863013699,7848,1,41,43313,197.776255707763,3121,1,36,0,0,0,0,0,58542,269.778801843318,7350,1,45,1098,30.5,194,1,5.5,26642,132.547263681592,6280,1,12,1099,30.5277777777778,193,1,5.5,49721,226.004545454545,3707,1,41,13870,76.6298342541436,2531,1,6,16.5094230769231,73.74,4.22,13.365,0,0,0,0,0,0,0,0,0,0,53,2.40909090909091,7,1,1,3,1,1,1,1,0,0,0,0,0,0,0,0,0,0,0,0,0,0,0,7,1.16666666666667,2,1,1,0,0,0,0,0,3962854786684.51,17229803420.3674,653807192798.09,4765902,2264413380,869549,3864.66222222222,113557,1,638,0,0,0,0,0,172769,778.238738738739,18943,2,118,9654,92.8269230769231,2468,1,7.5,515,9.03508771929824,66,1,4,24,1.71428571428571,3,1,2
金属制品业,全国,114,1,5,,,8,6,94,,61,12,5,36,51,3,3,4,9,2,,,,,1,,,,,5,,,4,2,,29,,1,,,,,,883648009339.94,7751298327.54333,145899984237,43060045,2808109705,31801304081,278958807.725789,4601146663,-841878123.3,94970290.17,405229,3554.64035087719,62160,66,1378.5,743344765436.79,6520568117.86658,141536665477,64279128,1939692789,42.3578947368421,153.09,6.06,41.815,18572310388,171965836.927593,2520394844,199161.79,62343958,7.37789473684211,119.04,-57.89,1.705,42076630929,369093253.763684,7505209564,-804917412.1,108739364.6,-16.15517544,1289.2,-922.09,-26.225,-25.87666667,326.22,-951.86,-21.93,10.0275700934579,98.04,-96.22,6.53,4.04148148148148,10.28,0.01,3.85,0.191981132075472,4.39,-3.11,0.08,247108774.7,35301253.5328571,147420302.4,3026049.11,21389852,-32.16285714,53.1,-107,-56.51,41626,400.25,4986,2,188,16.7582653061224,612.28,-95.59,4.365,9.86868421052632,370.95,-37.26,1.91,3428453430,30074152.8938597,559247364,75281,11022213.06,6861.59,60.1893859649123,318,0.3,40,73904,690.691588785047,11275,35,252,1113,23.6808510638298,280,1,4,8529,79.7102803738318,1466,2,30,8433,80.3142857142857,1406,1,25,0,0,0,0,0,6759,66.9207920792079,877,1,27,22,2,6,1,1,2295,24.945652173913,285,1,8,22,2,6,1,1,6595,64.656862745098,837,1,25.5,1052,12.9876543209877,127,1,5,12.8069230769231,26.6,0.16,12.78,0,0,0,0,0,0,0,0,0,0,7,1,1,1,1,1,1,1,1,1,0,0,0,0,0,0,0,0,0,0,0,0,0,0,0,3,1,1,1,1,0,0,0,0,0,451003000000,3956164668.48421,83243881475,26655632.5,1156591639,131118,1225.40186915888,23799,31,484,0,0,0,0,0,23779,222.233644859813,3869,4,83,1121,23.8510638297872,288,1,4,87,3.10714285714286,12,1,3,8,1.6,2,1,2
食品饮料业,全国,247,1,14,,1,49,20,161,1,89,62,6,90,63,20,2,1,41,11,8,,1,1,2,1,,,,6,,,27,4,8,51,,,,,,,,3213162722619.6,13008755962.0227,254500894353.09,68530060.28,3933479151,259729611723.17,1051536889.56749,65376091419,-1899224403,125865476.5,1570640,6384.71544715447,104079,21,2325,2631504982328.34,10653866325.216,257485402421,30172188,2612074421,254.878704453441,52539.1,-58.06,34.4,19174534946,94455837.1725123,1223182484,4297.23,31943806.89,11.700971659919,776.41,-73.53,6.25,345204518080.79,1397589142.02749,87879572353,-1482805904,159976754,80.94,35217.32,-5456.72,0.61,-9.412591093,10353.94,-5590.66,0.35,17.4836815920398,240.03,-99.48,9.7,1.80955445544554,16.39,0,1.17,0.0906632653061225,6.95,-1.49,0.03,524758389.1,27618862.5863158,190534577.6,831828.29,6980144.7,2849.16384615385,36712.14,-75.11,6.96,44225,241.666666666667,3386,3,112,10.684347826087,142,-77.18,6.07,4.29154166666667,246.5,-53.19,2.14,13202154375,55008976.564375,1111257976,20041,15000719.02,78213.76,316.654898785425,21273,0.3,57,74941,331.597345132743,4905,1,149.5,634,13.4893617021277,80,1,5,9636,47.0048780487805,644,1,14,9376,45.0769230769231,650,1,15,0,0,0,0,0,6941,35.9637305699482,380,1,15,69,4.05882352941176,17,1,2,2212,14.8456375838926,252,1,5,69,4.05882352941176,17,1,2,7095,36.1989795918367,478,1,15.5,1366,10.1940298507463,98,1,3,6.46852459016393,37.08,0.18,5.86,0,0,0,0,0,0,0,0,0,0,21,1.61538461538462,4,1,1,1,1,1,1,1,0,0,0,0,0,0,0,0,0,0,0,0,0,0,0,1,1,1,1,1,0,0,0,0,0,2177961255695.57,8817656905.65008,767878258389,-565252871.2,1280675615,109586,495.864253393665,8481,1,181,0,0,0,0,0,26369,120.95871559633,1706,1,37.5,634,13.4893617021277,80,1,5,124,2.48,11,1,2,2,2,2,2,2
商业电气机械和器材制造业,全国,320,2,18,2,,30,10,258,,151,46,13,110,127,17,3,4,36,3,3,1,,,3,,,,,11,,1,9,12,3,84,1,1,,,1,,,4567674442806.73,14273982633.771,600952318891,53166146,3868821010,280895066670,877797083.34375,33457105456,-1288389454,117943061.9,1425523,4468.72413793103,118907,27,1577,3068464429762.24,9588951343,328593929366,27441522.5,2210580012,46.71325,205.31,3.78,47.555,130161383609.15,426758634.784098,15510488861,1699337.67,100300735,28.79015625,456.09,-70.04,11.54,321953309410.21,1006104091.90691,39573834314,-1269477942,128576301,19.6698125,3321.7,-5411.16,10.215,29.01125,6511.63,-3287.79,11.415,28.0092434210526,442,-60.3,15.335,5.28767213114754,21.85,0.2,4.39,0.0735430463576159,13.6,-16.24,0.035,3830866922,87065157.3095455,847693754.3,335510.55,18958482.09,12.9831111111111,957.29,-106,-2.9,169729,608.347670250896,16303,9,265,18.209305019305,379.14,-77.94,8.04,10.2986392405063,148.37,-73.66,4.14,21142553247,67119216.6578095,2702026576,4791.62,14062852.39,55470.7,173.88934169279,10032,0.32,54,315693,1035.05901639344,19112,10,398,6766,37.3812154696133,2450,1,7,49537,164.574750830565,7075,1,46,46467,154.89,13330,1,41,0,0,0,0,0,39448,136.498269896194,2868,2,46,1272,20.5161290322581,708,1,3,15636,55.644128113879,1486,1,15,1267,20.4354838709677,703,1,3,33441,113.359322033898,1893,1,41,7501,29.4156862745098,1561,1,8,16.7735483870968,58.4,1.26,14.61,0,0,0,0,0,0,0,0,0,0,102,2.21739130434783,22,1,1,4,1,1,1,1,0,0,0,0,0,0,0,0,0,0,0,0,0,0,0,30,2.30769230769231,16,1,1,1,1,1,1,1,2614593069950.38,8170603343.59494,424043156327,4825792.78,1564362173,646295,2119,64088,1,725,0,0,0,0,0,138591,457.39603960396,17747,3,140,6788,37.5027624309392,2457,1,7,657,5.71304347826087,29,1,3,118,3.57575757575758,22,1,1
租赁和商务服务业,全国,111,2,6,,,18,3,82,,44,46,1,20,29,12,1,1,41,2,2,,,,,1,1,,,1,,,6,3,,11,,,,,,,,1339530171724.24,12067839384.9031,263644354412,54601710.76,2292228574,17309468629,155941158.820901,6271836414,-2370448757,9128185,256692,2333.56363636364,31971,11,776.5,1083656893234.21,9762674713.82171,538148090780.54,4976623,1120424723,53.7461261261261,634.17,-47.1,47.28,4152163548,53924201.9167532,718380274,235237,18167422.61,1.32981981981982,444.32,-88.2,-6.49,26574807723,239412682.192703,7732181836,-2209217059,11445832,-84.16261261,5836.72,-4111.64,-40.5,-131.9652252,1691.4,-3251.58,-43.7,100.921571428571,6330.19,-93.86,3.965,3.53025974025974,104.23,0,0.9,1.15014925373134,88,-8.4,0.05,262295068.8,15429121.6935294,65120931.8,366159.77,7747696.5,721.919333333333,10251.79,-108,11.68,7960,132.666666666667,981,2,61,-3.903958333,145.61,-93.97,-7.24,2.37177570093458,624.98,-54.18,-6.69,3799840792,39173616.4162887,715042677.4,17660,6974599.68,10423.61,94.7600909090909,2279,0.21,32,5970,86.5217391304348,731,1,25,195,21.6666666666667,127,1,6,719,17.1190476190476,220,1,3.5,556,11.8297872340426,108,1,4,0,0,0,0,0,630,15.75,114,1,8,13,4.33333333333333,7,2,4,269,9.27586206896552,50,1,4,13,4.33333333333333,7,2,4,450,12.5,53,1,6.5,116,5.52380952380952,38,1,2,9.76183333333333,63.17,0.16,5.93,0,0,0,0,0,0,0,0,0,0,0,0,0,0,0,0,0,0,0,0,0,0,0,0,0,0,0,0,0,0,0,0,0,0,0,0,0,0,0,0,0,0,0,0,0,793513422328.06,7148769570.52306,220371638646,-357650623,927507335.8,12306,201.737704918033,3335,1,48,0,0,0,0,0,2099,32.2923076923077,457,1,7,190,21.1111111111111,122,1,6,4,2,2,2,2,10,3.33333333333333,7,1,2
石油加工、炼焦和核燃料加工业,全国,21,,6,,,5,,10,,7,5,,9,3,1,3,,3,,2,,,,,,,,,,,,4,1,,4,,,,,,,,294021380820.01,14001018134.2862,41242761352,124101336.8,9401641498,1237071873,58908184.4142857,2573242871,-2868211385,38953979.58,72163,3436.33333333333,14712,59,1893,354810000000,16895703022.7333,82518357983,71885792.5,5914345325,42.0809523809524,70.57,13.54,38.99,2054592217,128412013.581875,686637550.3,8915127,83639115.81,9.38238095238095,109.35,-63.52,8.73,1930793961,91942569.5885714,2936832845,-3843364491,47511874.5,-139.2957143,800.99,-2380,-28.75,-146.1928571,258.85,-1757.33,-28.65,34.97375,228.9,-57.96,22.225,1.608125,4.04,0.13,0.98,0.132666666666667,1.2,-0.89,0.01,0,0,0,0,0,0,0,0,0,2996,199.733333333333,640,11,174,35.0492857142857,189.75,-11.86,13.965,1.3365,35.79,-25.25,-1.095,337558384.2,17766230.7484211,111321094,56480.1,9452941.22,1569.76,74.7504761904762,323,1.1,34,4161,244.764705882353,1105,7,142,2,1,1,1,1,761,44.7647058823529,385,3,19,903,53.1176470588235,445,4,19,0,0,0,0,0,330,20.625,72,4,16,0,0,0,0,0,115,8.21428571428571,39,1,6,0,0,0,0,0,431,26.9375,119,3,18.5,76,5.06666666666667,18,1,3,8.60333333333333,22.48,1.5,6.5,0,0,0,0,0,0,0,0,0,0,1,1,1,1,1,0,0,0,0,0,0,0,0,0,0,0,0,0,0,0,0,0,0,0,0,0,0,0,0,0,0,0,0,0,0,132550000000,6311897255.45714,20023271223,33204496.29,4808712590,8420,495.294117647059,3466,32,228,0,0,0,0,0,2082,122.470588235294,920,4,54,2,1,1,1,1,18,6,14,2,2,0,0,0,0,0
金属冶炼和压延加工业,全国,145,,27,1,,36,2,78,1,58,29,2,56,32,14,12,,17,1,6,,,,5,,,,,2,,,17,9,1,27,1,,1,,,,,4898823205933.11,33784987627.1249,398249000000,256736803.5,11679453838,252743111385.75,1743055940.59138,31108339888,-3534298506,203740017,1136156,7835.55862068966,67377,22,3033,5945198404661.59,41001368308.011,479938019427,229327741.6,13079986722,47.8735862068966,96.66,7.61,48.61,135220287879.85,1024396120.30189,17246037327,2671053.32,249955702.7,21.5103448275862,422.88,-36.53,7.81,306859096711.12,2116269632.49048,39911474918,-4255313388,252282950.7,-143.1082759,3023.8,-18032.1,-8.1,31.473724137931,6943.57,-2149.3,-8.17,176.862713178295,11404.44,-57.83,13.72,2.97992424242424,17.1,0,3.03,0.230634920634921,9.4,-3,0.06,1561183024,91834295.5558823,355066668,58736.3,26551194.9,23.1244444444444,405.64,-107,-17.085,101102,864.119658119658,8047,15,390,20.0201769911504,356.87,-48.77,8.1,7.62923076923077,104.24,-26.3,2.07,9458783949,65685999.6473611,802001528,48269.56,34730192.96,25152.44,173.465103448276,1256,0.42,88,152986,1108.59420289855,22579,1,364.5,1257,22.8545454545455,460,1,6,31770,235.333333333333,7506,1,57,25410,188.222222222222,4396,1,41,0,0,0,0,0,18009,138.530769230769,1014,1,48,119,5.95,48,1,2,9596,78.655737704918,624,1,21.5,119,5.95,48,1,2,14377,110.592307692308,1036,1,41.5,4776,41.8947368421053,857,1,13,12.2911111111111,31.41,0.62,12.25,0,0,0,0,0,0,0,0,0,0,56,2.07407407407407,7,1,2,6,1,1,1,1,0,0,0,0,0,0,0,0,0,0,1,1,1,1,1,4,1.33333333333333,2,1,1,2,1,1,1,1,2587410390416.2,17844209589.0772,186774000000,80234425,5225432072,368247,2687.93430656934,87826,25,654,0,0,0,0,0,73997,540.124087591241,13250,1,143,1272,23.1272727272727,468,1,6,322,4.6,25,1,3,135,4.35483870967742,14,1,3
通信传输设备业,全国,120,,18,,2,11,6,83,,64,20,2,34,50,9,3,1,13,1,5,,1,,1,,,,,1,1,,1,9,4,19,,,,1,,,,2378993009579.7,19824941746.4975,1063804914366,92244904.99,2822164270,82611629879,688430248.994583,35562047956,-1282774557,81269463.06,675639,5677.63865546218,207089,83,1302,1437982604040.81,11983188367.0068,642338089982,15535954,1359951098,39.4803333333333,169,3.7,37.85,246443298315.66,2106352977.05692,161500086593,1886646,122712611.9,12.2238333333333,470.27,-66.08,8.105,97824553185,815204609.87375,42216024945,-1368549650,84623492.51,-1.893416667,932.32,-1165.78,10.16,-9.14725,1498.1,-2894.54,10.9,19.8419658119658,459.31,-43.62,12.29,13.0511111111111,103.79,0.89,9.92,1.47224137931034,54.46,-16.66,0.38,5279289115,155273209.255882,1821407214,75834.04,35115573.09,5.64764705882353,289.93,-108,3.615,269865,2570.14285714286,114091,20,375,7.45631067961165,72.8,-38.45,6.81,2.68784482758621,52.5,-50.8,2.88,10365330278,90133306.7686957,6552005523,220376.28,16968170.91,17801.88,150.863389830508,2035,0.61,69.5,350856,2998.76923076923,108994,24,495,136559,1728.59493670886,65106,1,7,146375,1251.06837606838,57963,1,65,119093,1026.66379310345,38892,1,46,0,0,0,0,0,11476,105.284403669725,1970,1,44,8314,346.416666666667,5098,1,4,6698,64.4038461538462,1434,1,20.5,8315,346.458333333333,5094,1,4,20739,185.169642857143,7068,1,36.5,14962,145.26213592233,6418,1,15,32.3580952380952,89.23,5.5,26.69,0,0,0,0,0,0,0,0,0,0,19,1.46153846153846,5,1,1,4,1,1,1,1,0,0,0,0,0,0,0,0,0,0,0,0,0,0,0,8,1.6,3,1,1,0,0,0,0,0,1268195028143.51,10568291901.1959,626728093271,42084684.7,845651095.5,2118188,18104.1709401709,771138,28,821,0,0,0,0,0,291715,2493.2905982906,101967,4,175,136542,1728.37974683544,65107,1,7,181,7.54166666666667,74,1,2.5,334,10.7741935483871,109,1,3
科学研究和技术服务业,全国,127,2,14,,1,22,6,82,,71,12,6,38,47,14,5,3,7,2,1,,,,2,2,,,,2,1,3,3,7,1,26,,,,1,,,,708128273585.95,5575813177.84213,64690388805,309599699,2388767667,41455217160,326419032.759528,8902617452,-5637363547,93806910.96,394311,3104.81102362205,44397,93,1380,319739866341.36,2517636742.84535,39354754462,92814817,845084514.9,34.388031496063,228.6,3.02,30.39,16698476452,134665132.680403,1613958724,5773335.79,64518995.42,10.8561904761905,237.82,-60.77,8.785,45378449972,357310629.702913,10652262207,-3589258153,115915316,-28.17984127,442.43,-1178.3,-5.365,-34.90611111,493.39,-1820.81,-0.475,33.7273770491803,467.57,-49.63,18.265,7.82451612903226,39.33,1.16,6.105,1.13834710743802,12.08,-3.38,0.69,662845742.2,31564082.9619048,254085244.2,-1390891.62,11374070.05,134.707222222222,1371.79,-106.38,55.335,109365,951,36666,9,226,18.2512727272727,214.17,-88.5,13.54,9.91991935483871,121.67,-62.1,7.82,2256992050,18201548.7933871,342679098.8,46936,9723255.495,12726.16,100.205984251969,1839,2.04,42,54898,449.983606557377,6738,8,154,1594,33.9148936170213,466,1,8,7172,59.2727272727273,490,1,29,5981,51.1196581196581,830,1,22,0,0,0,0,0,7938,65.603305785124,1018,1,24,251,11.952380952381,98,1,3,3379,31.287037037037,322,1,11.5,251,11.952380952381,98,1,3,7048,58.7333333333333,827,1,20.5,1480,13.9622641509434,130,1,6,26.2346086956522,96.01,3.85,18,0,0,0,0,0,0,0,0,0,0,22,1.46666666666667,4,1,1,3,1.5,2,1,1.5,0,0,0,0,0,0,0,0,0,0,0,0,0,0,0,8,1.14285714285714,2,1,1,0,0,0,0,0,263884910557.18,2077833941.39512,25951711167,30299482.09,726793524.7,96530,791.229508196721,9640,5,265,0,0,0,0,0,21938,179.819672131148,2143,3,74.5,1600,34.0425531914894,469,1,8,237,6.58333333333333,43,1,2.5,25,3.125,7,1,2.5
交通运输、仓储和邮政业,全国,176,,39,,,76,3,56,2,35,64,2,75,15,15,5,,23,3,16,,,,22,,,,,2,,,39,18,,16,,,2,,,,,8532394942832.69,48479516720.6403,511779762380.93,110955307.5,14865467775.995,174697503523.19,992599451.836307,131417199817,-45175938358,229005394.2,2128091,12230.408045977,390002,30,2946.5,3372843508995.96,19163883573.8407,391058488036.12,6393571.21,5687883079,44.3886931818182,215.07,-167.04,44.915,17493691246,163492441.548785,3528149953,235830.08,28732726.26,6.51045454545454,589.68,-66.96,0.62,382996497794.96,2176116464.74409,167263753640.69,-46084570565,278839185,-430.3142614,711.3,-57571.74,-1.525,-111.5267614,562.7,-8240.83,-3.91,32.4471134020619,629.09,-98.52,14.34,1.12420560747664,13.55,0.01,0.56,0.0785106382978723,4.01,-2.56,0.045,2529163393,68355767.3837838,1266412775,94986,11000389,10.084,1318.41,-103,-20.22,39242,451.057471264368,5656,3,139,11.8168831168831,492.9,-77.54,4.45,3.97872832369942,207.2,-26,-0.5,19209340083,117848712.167791,4688008342,10459,22595123.86,39783.38,226.041931818182,2588,0.7,83.5,21453,156.591240875912,3861,1,38,84,5.25,17,1,2,1774,18.6736842105263,440,1,6,1831,20.5730337078652,428,1,4,0,0,0,0,0,2850,25.4464285714286,283,1,8,4,1,1,1,1,1170,13.9285714285714,200,1,5,4,1,1,1,1,2596,26.2222222222222,231,1,8,457,7.87931034482759,117,1,3,4.88770114942529,28.45,0.18,3.3,0,0,0,0,0,0,0,0,0,0,9,2.25,6,1,1,0,0,0,0,0,0,0,0,0,0,0,0,0,0,0,0,0,0,0,0,0,0,0,0,0,0,0,0,0,0,4309155215971.47,24483836454.3834,273451115168,-2.73E+11,6035069760,32174,259.467741935484,6704,1,41,0,0,0,0,0,8021,67.9745762711864,2185,1,14.5,84,5.25,17,1,2,30,1.66666666666667,6,1,1,13,1.3,3,1,1
医药制造业,全国,449,7,16,,2,49,29,346,,166,132,9,142,134,21,5,4,105,14,4,,1,,6,1,2,1,,8,,1,21,7,11,99,,4,,,,,,3722042232214.07,8289626352.36987,215534032322,1150798,3611236727,89153330368,198559755.83029,7538997240,-13642054864,104428971.9,1363694,3057.60986547085,67076,13,1397,1846601808931.63,4235325249.84319,218182968893,26016.38,1409122601,182.387772828508,67466.37,-37.12,29.13,200672554370.66,459204929.909977,11152030158,756141.28,147904565,92.299627039627,23523.81,-91.5,8.12,126211088537.55,281093738.39098,8758383466,-13425285925,120598211.9,-110.139308,1735.26,-37231.11,-0.495,-9.276681514,3676.04,-2011.44,2.68,55.2653546910755,15825.87,-101,11.55,2362.02070754717,934642.8,0.09,7.135,-10522.54188,9710.55,-3234076.58,0.2,18201758945,102834796.301582,1583003526,37538.23,28506507.1,229.31125,23177.65,-108,-5.3,165745,430.506493506493,5017,6,240,11.5972394366197,339.63,-77.6,4.46,7.14990990990991,388.48,-65.72,3.9,15545858555,36407162.891288,550659100.5,3145,16022561.62,59157.93,131.754855233853,3059,0.08,60,118480,284.807692307692,3948,1,141,7804,26.5442176870748,957,1,8.5,32389,79.5798525798526,974,1,35,23306,59.3027989821883,875,1,24,0,0,0,0,0,10138,27.6239782016349,329,1,13,1426,8.9125,163,1,4,5249,15.1705202312139,172,1,7,1429,8.93125,166,1,4,9468,25.7282608695652,337,1,12,3768,11.2814371257485,203,1,5,20.48992188,93.26,0.15,16.435,0,0,0,0,0,0,0,0,0,0,41,1.32258064516129,3,1,1,3,1,1,1,1,0,0,0,0,0,0,0,0,0,0,1,1,1,1,1,4,1,1,1,1,1,1,1,1,1,1332675025735.63,2968095825.69183,134977022956,-26840843.5,983185779.7,302095,729.69806763285,12094,1,348,0,0,0,0,0,70515,169.915662650602,1984,1,81,7808,26.5578231292517,957,1,8.5,41,1.64,6,1,1,0,0,0,0,0
文化、体育和娱乐业,全国,88,,4,2,1,33,2,46,,32,25,,31,22,9,1,,21,2,1,,,,1,,,,,,,,23,2,,3,2,,,1,,,,644477533553.39,7323608335.83398,29702316700,65987096.5,4060375947,3700712171,42053547.3980682,2107301295,-5388335969,26728493.78,205021,2329.78409090909,13851,22,658,242825346428.77,2759378936.69057,13704302979,3329565.73,944499386,44.0585227272727,323.53,0.07,35.145,3374726219,59205723.1345614,506007546.9,39517,18911135.74,-3.786704545,414.48,-92.49,-3.32,5719490379,64994208.85,2175128733,-5241001224,23762016.36,-151.7752273,726.3,-3242.03,-34.825,-205.7854545,273.22,-2550.48,-36.135,174.896315789474,8599.64,-94.38,2.15,10.209649122807,417.31,0,1.6,7.82160714285714,408.2,-1.53,0.16,323062930.9,23075923.6364286,106528629.2,605806.41,10235238.37,1581.62615384615,19079.86,-103,-0.99,8265,179.673913043478,1084,19,90.5,13.6879545454545,324.05,-72.85,-2.385,-0.052298851,201.76,-63.3,-4.83,2342875284,27563238.6362353,155306304.6,13577,12695947.77,7897.05,91.8261627906977,648,0.22,56,5420,91.864406779661,821,1,37,4,1.33333333333333,2,1,1,478,10.1702127659574,99,1,4,820,18.2222222222222,106,1,7,0,0,0,0,0,645,20.15625,313,1,7,0,0,0,0,0,371,16.1304347826087,255,1,4,0,0,0,0,0,620,16.7567567567568,139,1,8,137,5.95652173913043,67,1,2,11.2278260869565,56.26,0.34,6.725,0,0,0,0,0,0,0,0,0,0,0,0,0,0,0,0,0,0,0,0,0,0,0,0,0,0,0,0,0,0,0,0,0,0,0,1,1,1,1,1,0,0,0,0,0,270187813944.58,3070316067.55205,19489870322,6530.11,1640088062,7030,125.535714285714,656,2,52.5,0,0,0,0,0,2136,38.8363636363636,691,1,11,4,1.33333333333333,2,1,1,19,2.11111111111111,5,1,1,1,1,1,1,1
专用设备制造业,全国,447,3,28,,1,46,27,340,2,193,72,15,167,153,24,9,6,50,13,3,,,,5,1,1,,,14,,1,16,16,8,123,,1,2,1,,,,3108075756458.56,6953189611.76412,175158937750.84,167218929.5,2619344581,136380358630.63,305101473.4,16484013200,-3952604366,86551601.64,1133740,2542.01793721973,51067,23,1164.5,1506565855246.58,3377950348.0865,93817160647,21603387,1166843091,38.1014317673378,127.6,2.65,36.92,103086776707.99,234821814.824579,7826347871,542019,71176729.8,21.2777802690583,991.8,-67.92,8.12,157667384635.19,352723455.559709,18311835933,-3407104313,104454938,-178.5119463,1724.55,-48361.76,3,-339.6040716,1668.18,-120721.31,2.9,26.0488787185355,1609.93,-75.94,15.48,18.8726712328767,3493.6,0.2,6.22,-33.68306452,67.61,-14702.18,0.255,9807207509,119600091.575488,1977806987,1263123.9,18156370.15,10.8698571428571,1111.95,-109,-7.265,191095,487.487244897959,7518,3,213.5,18.0418157181572,535.55,-78.59,9.92,14.8188248847926,388.13,-41.01,6.665,14889158679,33534141.169482,880533287,102053,11762849.3,47260.21,105.727539149888,3632,0.28,47,387824,908.252927400468,16918,1,391,10188,38.1573033707865,1136,1,6,57606,137.157142857143,3028,1,40,33799,81.2475961538462,1360,1,27.5,0,0,0,0,0,50077,120.667469879518,3066,1,49,1105,10.5238095238095,92,1,4,20667,52.8567774936061,2258,1,15,1105,10.5238095238095,92,1,4,43121,103.906024096386,1835,1,43,8449,23.0846994535519,676,1,7,20.1012755102041,64.62,0.54,17.97,0,0,0,0,0,0,0,0,0,0,64,1.82857142857143,11,1,1,7,1,1,1,1,0,0,0,0,0,0,0,0,0,0,0,0,0,0,0,15,1.5,5,1,1,1,1,1,1,1,1558003967306.75,3485467488.38199,120497270945,33662569.5,927873498,738450,1729.39110070258,30663,3,646,0,0,0,0,0,154704,364.867924528302,9101,1,130,10171,38.0936329588015,1133,1,6,339,3.16822429906542,51,1,2,26,1.85714285714286,5,1,1
化学纤维制造业,全国,34,,3,,,8,1,21,1,20,,1,13,14,4,1,,,,,,,1,,,,,,,,1,3,2,1,7,,,,,,,,1204080974908.26,35414146320.8312,362587447552.63,761219012.8,5966072332,17644848677,518966137.556176,6369771778,-924394158.2,197789996.7,210408,6188.47058823529,38518,302,2223.5,958504991569.06,28191323281.4429,289094860541.79,394388714.8,2712388444,42.5217647058823,99.06,6.13,38.99,14344042762,434667962.477879,4367115143,4887830.8,111631953,13.4694117647059,93.54,-33.2,4.15,18665448548,548983780.831177,5628424164,-1103930695,210864216.6,-9.696176471,301.75,-275.66,-31.785,-12.57735294,222.45,-237.41,-30.86,37.9648484848485,573.7,-22.43,3.5,3.42090909090909,7.73,0.17,3.45,0.0851515151515152,5,-4.06,-0.06,36003931.37,12001310.4566667,19523046.77,143922.5,16336962.1,35.4525,350.79,-101,-53.99,21332,666.625,3126,36,266,19.79125,122.55,-12.5,8.245,9.48441176470588,97.73,-16.4,5.885,5253159641,154504695.319706,2359470443,547591.3,17026283.54,6571,193.264705882353,1172,17,76.5,10453,307.441176470588,1600,24,195.5,140,8.23529411764706,58,1,4,1573,47.6666666666667,296,1,27,1261,38.2121212121212,139,2,30,0,0,0,0,0,1630,47.9411764705882,283,1,21,26,5.2,19,1,2,614,21.1724137931034,116,1,13,26,5.2,19,1,2,1507,48.6129032258064,243,1,20,369,13.6666666666667,127,1,5,12.3778125,20.83,5.33,11.615,0,0,0,0,0,0,0,0,0,0,2,1,1,1,1,1,1,1,1,1,0,0,0,0,0,0,0,0,0,0,0,0,0,0,0,0,0,0,0,0,0,0,0,0,0,820360808254.44,24128259066.3071,265421615453.32,134062481.5,2137460101,19845,583.676470588235,2582,31,507.5,0,0,0,0,0,4558,134.058823529412,664,11,88.5,140,8.23529411764706,58,1,4,48,2.4,7,1,2,2,1,1,1,1
通用设备制造业,全国,213,2,9,,1,36,10,154,1,121,12,14,66,86,23,5,5,5,3,1,,1,,1,1,1,,1,12,1,1,11,2,2,51,,,,,,,,2156986841680.31,10126698787.2315,288020834533,17829651,2632141704,38362522214,180105738.095587,3439323455,-2313009785,70864471.85,599211,2813.19718309859,41798,11,1499,1005551610970.3,4720899582.02019,117623139663,32213226,1453898556,41.3887323943662,109,2.09,41.37,46325286501,219551120.857867,5064008716,4880245,60433263.23,1.99845070422535,292.9,-79.07,1.26,45649252266,214315738.338451,3864928178,-2024453789,78883241.47,-77.35179245,2090.27,-3410.14,-11.535,-79.47492958,1575.64,-3938.26,-10.2,10.1399523809524,291.05,-64,5.4,5.55350710900474,36.23,0.43,4.51,0.474571428571429,21.52,-2.95,0.21,3445587080,98445345.1362857,632872862.7,286555.57,36000487,1.81088235294118,462.34,-105,-14,88982,436.186274509804,5808,24,200,10.69859375,224.19,-75.58,7.145,4.92504807692308,468.19,-93.48,1.785,7119889043,33904233.5397143,1012712445,611183.69,11311240.53,16943.68,79.54779343,1085,0.2,40,152546,729.885167464115,12491,1,392,2582,23.6880733944954,356,1,4,21679,104.729468599034,2200,1,38,16654,80.8446601941748,1946,1,33.5,0,0,0,0,0,14884,72.6048780487805,1144,2,37,286,10.5925925925926,112,1,2,5659,29.7842105263158,725,1,13,284,10.5185185185185,110,1,2,14161,68.7427184466019,846,2,36.5,3095,17.5852272727273,315,1,5,16.0671078431373,64.79,2.58,13.85,0,0,0,0,0,0,0,0,0,0,41,2.5625,12,1,1.5,5,1,1,1,1,0,0,0,0,0,0,0,0,0,0,0,0,0,0,0,7,1.75,3,1,1.5,0,0,0,0,0,1287623070721,6045178735.77934,193826690424,5429984,1019740465,299639,1433.67942583732,33470,32,615,0,0,0,0,0,59556,284.956937799043,6355,1,118,2596,23.8165137614679,355,1,4,302,3.775,37,1,2,11,1.57142857142857,4,1,1
化学原料和化学制品制造业,全国,364,1,21,1,2,62,13,263,1,193,39,8,124,146,25,13,5,31,4,2,,2,1,2,1,,,,6,,2,33,6,4,80,1,,,,,,,3056536338441.91,8397077852.86239,200843104094.19,181346259,3353188403,224634596167.26,617128011.448516,19679965470,-1304162595,172629240.1,925809,2550.43801652893,26313,83,1253,2170051660099.06,5961680384.88753,165565462711.66,62198683,2467207617,38.4876373626374,239.16,0.08,36.815,56818442228,162803559.393782,3420091372,259837.82,80395292.97,28.0379120879121,3080.02,-80.5,10.85,266966244839.05,733423749.55783,21398672937,-1350704397,208384305.7,-80.8638292,8057.44,-38101.1,-8.18,3.43826923076923,7223.82,-4870.08,-4.36,33.6640173410405,2766.85,-92.9,13.42,3.96126074498567,22.75,0.06,3.57,-0.020647059,11.67,-54.61,0.11,1295621573,24915799.4871154,381648018.3,13583,9104137.76,99.0136538461539,3491.58,-107,-20.3,97888,298.439024390244,3283,2,172.5,19.4887296416938,848.64,-73.37,7.68,8.09437325905293,185.83,-72.02,4.71,9935697591,27446678.4289779,760840377.3,63765.48,10019029.08,34115.3,93.7233516483517,2754,0.3,46.5,128548,363.129943502825,5073,2,189.5,2078,12.0115606936416,211,1,4,32074,91.64,2678,1,38,24472,70.3218390804598,1084,1,32,0,0,0,0,0,14363,43.9235474006116,971,1,23,164,3.72727272727273,30,1,2.5,7398,23.9417475728155,955,1,10,164,3.72727272727273,30,1,2.5,13059,38.9820895522388,1365,1,19,5355,17.6732673267327,1344,1,7,13.8817125382263,39.18,0.25,13.12,0,0,0,0,0,0,0,0,0,0,26,1.18181818181818,5,1,1,2,1,1,1,1,0,0,0,0,0,0,0,0,0,0,0,0,0,0,0,7,1.16666666666667,2,1,1,1,1,1,1,1,1382096148845.25,3796967441.88256,119506239400.72,5721232,1244216006,315353,893.351274787535,14943,1,417,0,0,0,0,0,73784,210.210826210826,4930,1,100,2078,12.0115606936416,210,1,4,219,2.60714285714286,30,1,1,85,2.17948717948718,16,1,1
采矿业,全国,143,,28,,,39,7,69,,29,65,,49,17,9,3,,40,6,11,,,,8,,,,,,,,22,14,1,12,,,,,,,,16425749597525,114865381800.874,2673751852239,95317975,11270578623,1364676786015.94,9543194307.80378,163977075683,-1197383992,537335892,3067260,21449.3706293706,398482,19,3069,18206861699735.1,127320711186.959,3318168582439,137351,6266785975,51.7253846153846,695.67,-75.75,48.15,168449920333.44,1773157056.14147,28718073221,256026,170515324.8,29.7572727272727,1005.79,-99.74,12.23,1848766550514.11,12928437416.1826,242564086239,-1175468582,739206789,241.382517482517,16004.93,-1659.81,25.42,110.802237762238,4059.5,-1222.58,30.3,49.0558888888889,1737.79,-70.64,11.925,2.23589473684211,12.5,0,1.73,0.124444444444444,9.3,-2.57,0.04,35211734284,1600533376.56227,9737004196,1046892.77,108287929.9,-0.5675,117.58,-106,4.02,118673,1521.44871794872,13172,4,447,18.9434782608696,370.81,-79.16,4.94,17.7214705882353,1518.25,-37.43,2.11,22309068144,172938512.747829,9277002159,-59575527,17488792,83569.81,588.519788732394,13198,0.23,93.5,347111,3337.60576923077,74430,1,318.5,1825,57.03125,506,1,8.5,111608,1116.08,33532,1,29,48939,520.627659574468,11243,1,36,0,0,0,0,0,18567,204.032967032967,2284,1,51,355,22.1875,119,1,2.5,8430,105.375,925,1,19,343,21.4375,114,1,2.5,26846,291.804347826087,5773,1,38,14152,186.210526315789,3886,1,7,10.4141025641026,36.98,0,9.56,0,0,0,0,0,0,0,0,0,0,164,6.07407407407407,60,1,2,12,4,6,2,4,0,0,0,0,0,0,0,0,0,0,0,0,0,0,0,9,3,4,1,4,0,0,0,0,0,7548864156618.15,52789259836.4906,1135648876745,-3018752778,4856695733,861749,8286.04807692308,195455,2,525.5,0,0,0,0,0,216557,2082.27884615385,59386,1,83.5,1835,57.34375,505,1,8.5,277,11.08,88,1,3,74,7.4,26,1,2
住宿和餐饮业,全国,35,,1,,,7,9,18,,4,27,,4,1,3,,,16,9,1,,,,1,,,,,,,,3,,,1,,,,,,,,514172803325.05,14690651523.5729,79480128939,18331615.74,4100516971,-13626281400,-389322325.7,2970592477,-7373830129,-152315358,701184,21912,400069,7,2993.5,190023374828.28,5429239281,64311354391,16219113.21,941967832,65.5788571428571,262.36,2.85,63.83,140379782.3,17547472.79,60018040.1,1608386,3320006.53,599.818,21217.83,-88.79,-4.17,-4494209746,-128405992.7,4227384455,-4994262918,-151269379,-3504.292286,540.08,-100587.28,-34.04,-481.3174286,715.82,-6774.3,-24.62,33.7957142857143,80.16,4.13,17.67,0.55875,2.1,0.01,0.25,0.1,0.23,0.01,0.075,14525935.84,14525935.84,14525935.84,14525935.84,14525935.84,4361.76,4361.76,4361.76,4361.76,274,54.8,108,14,61,9.0275,26.66,-4,6.725,-7.509310345,37.01,-41.94,-6.33,832839884.9,28718616.7210345,295714693,102923,10484715,6480.5,185.157142857143,1708,0.49,38,364,36.4,236,3,12,0,0,0,0,0,15,5,12,1,2,9,2.25,6,1,1,0,0,0,0,0,14,4.66666666666667,8,1,5,0,0,0,0,0,0,0,0,0,0,0,0,0,0,0,38,12.6666666666667,31,1,6,3,1.5,2,1,1.5,0.894,2.09,0.27,0.86,0,0,0,0,0,0,0,0,0,0,0,0,0,0,0,0,0,0,0,0,0,0,0,0,0,0,0,0,0,0,0,0,0,0,0,0,0,0,0,0,0,0,0,0,0,353187737964.77,10091078227.5649,64628179290,10224525.27,1775174004,200,25,156,1,4,0,0,0,0,0,58,9.66666666666667,46,1,2.5,0,0,0,0,0,1,1,1,1,1,0,0,0,0,0
纺织鞋服业,全国,177,,3,,,12,25,135,2,54,72,1,50,47,3,,3,50,18,2,,,1,2,,,,,1,,,7,1,4,37,,,1,,,,,892813723899.42,5044145332.76509,77777064305,717976.3,2198017574,34977179729,197611184.909379,8245006175,-2035326089,29686695.5,1061271,6099.25862068965,155459,30,1818.5,594978247591.97,3361459025.94333,53651018996,53391739.49,1365165240,288.581355932203,22671.83,0.49,37.95,11687942236,90604203.3805426,1279007328,113097,51792681.7,-1.615480226,132.69,-99.97,-1.89,48671171741,274978371.419096,11230087833,-1994001627,42261068.5,-191.3427684,1604.6,-7949.9,-28.57,-260.8424859,1663.67,-19056.44,-17.2,23.45304,1718.17,-89.31,6.1,3.1377519379845,13.13,0.07,2.87,0.285241935483871,6.06,-2.19,0.14,13213486.64,3303371.66,5094918,150997.34,3983785.65,-61.9375,10.06,-107,-75.405,29918,299.18,2826,3,205.5,5.63031914893617,104,-101,1.59,-2.222325581,156.18,-58.99,-2.885,6294319994,36594883.6886628,1903007176,-382028,7968120.59,10942.15,61.8200564971751,2098,0.28,24,54982,413.398496240602,7023,2,213,148,4.11111111111111,20,1,2,3715,31.218487394958,590,1,15,4810,39.7520661157025,986,1,15,0,0,0,0,0,4847,42.1478260869565,484,1,20,13,2.16666666666667,7,1,1,927,10.1868131868132,72,1,6,13,2.16666666666667,7,1,1,4534,38.1008403361345,380,1,19,465,5.8125,43,1,3,8.9373,28.91,0.71,8.33,0,0,0,0,0,0,0,0,0,0,1,1,1,1,1,1,1,1,1,1,0,0,0,0,0,0,0,0,0,0,0,0,0,0,0,2,1,1,1,1,0,0,0,0,0,403462431605.93,2279448766.1352,39666561476,1151627,807093058.9,51689,394.572519083969,7628,2,241,0,0,0,0,0,11211,88.9761904761905,1836,1,47,148,4.11111111111111,20,1,2,80,2.35294117647059,9,1,1,3,1.5,2,1,1.5
造纸和纸制品业,全国,51,,3,,,7,7,34,,19,12,1,19,14,2,1,2,7,4,,,,,1,,,,,1,,,4,2,1,12,,,,,,,,696952076089.42,13665726982.1455,107080859659,322777156,3096596510,14843185206,291042847.17549,3310508987,-2353282778,131080985.7,229429,4498.60784313726,23097,119,1742,434505791216.05,8519721396.39314,64538128754,288960499,2562875838,40.0958823529412,76.97,9.25,34.66,9795484898,212945323.86913,1290288365,978194.78,86178270.5,2.84901960784314,61.56,-35,1.85,17656675337,346209320.333529,3587118443,-2174500978,147485629.3,-197.4782353,114.6,-4588.54,-36.86,-206.5592157,104.6,-3220.47,-40.71,14.5877777777778,123,-34.2,4.97,3.51130434782609,14.16,0.16,3.345,0.321555555555556,8.68,-1.25,0.13,24100547.24,12050273.62,23800479.24,300068,12050273.62,-91.86,-91.86,-91.86,-91.86,16292,417.74358974359,2461,28,206,19.0247368421053,504.25,-27.85,1.345,0.748,46.57,-20.5,-0.46,2406459159,49111411.4061224,546164527,818653.1,9614184.5,3527.44,69.1654901960784,358,0.33,42,14330,304.893617021277,1786,1,200,56,4.66666666666667,12,1,4,1414,32.1363636363636,145,1,19,1481,33.6590909090909,145,1,17.5,0,0,0,0,0,1692,37.6,279,2,27,1,1,1,1,1,486,11.8536585365854,41,1,7,1,1,1,1,1,1749,38.8666666666667,246,2,24,264,7.33333333333333,82,1,3,11.5205128205128,20.56,3.36,11.28,0,0,0,0,0,0,0,0,0,0,0,0,0,0,0,1,1,1,1,1,0,0,0,0,0,0,0,0,0,0,0,0,0,0,0,0,0,0,0,0,0,0,0,0,0,386869106927.13,7585668763.27706,60572794836,83964421.09,1150664126,18726,398.425531914894,1685,1,268,0,0,0,0,0,4119,89.5434782608696,425,1,56.5,56,4.66666666666667,12,1,4,44,2,6,1,1,0,0,0,0,0
卫生和社会工作,全国,29,,1,,,1,3,23,1,12,15,,2,10,1,,,12,2,1,,,1,,,,,,,,,,,1,1,,,,,,,,178023555833.39,6138743304.59966,26578838999,286263324.2,2774326192,6745325302,232597424.192414,2842985913,-1195331643,20568784.87,174035,6001.20689655172,36827,112,2636,106346868329,3667133390.65517,20282440683,46530298,1589074492,48.8486206896552,128.08,11.26,43.78,2444993045,143823120.307647,640868147.6,855630.8,23825111,20.7320689655172,207.91,-40.76,1.52,10673852164,368063867.7,3534494313,-1132609391,61561439,-10.04793103,865.2,-620.55,-15.11,-4.69137931,505.08,-393.52,-21.62,8.94466666666667,95.56,-78.34,9.34,1.82588235294118,8.4,0.02,1.48,-0.377857143,0.7,-3.1,-0.17,107306094.9,35768698.3,56887965.46,2395281.94,48022847.5,-17.47,3.3,-38.24,-17.47,5228,435.666666666667,1557,7,266.5,34.354,147.3,-20.95,5.78,3.98607142857143,23.28,-19.54,4.705,452174051.8,18840585.4929167,81898265.48,190509.5,7167082.13,4425.79,152.613448275862,1733,2.04,35,5909,295.45,2663,1,48,122,17.4285714285714,99,1,2,713,47.5333333333333,342,1,5,587,41.9285714285714,293,1,13.5,0,0,0,0,0,1063,66.4375,515,1,10.5,2,1,1,1,1,276,25.0909090909091,153,1,11,2,1,1,1,1,1044,74.5714285714286,484,2,19.5,110,12.2222222222222,36,1,2,5.59,17.94,0.27,4.355,0,0,0,0,0,0,0,0,0,0,0,0,0,0,0,0,0,0,0,0,0,0,0,0,0,0,0,0,0,0,0,0,0,0,0,0,0,0,0,0,0,0,0,0,0,80173117944,2764590273.91552,11553902282,78549988.7,1456589854,8814,518.470588235294,4544,2,72,0,0,0,0,0,2196,129.176470588235,905,1,23,122,17.4285714285714,99,1,2,7,2.33333333333333,3,1,3,0,0,0,0,0
教育,全国,60,,,,1,2,1,55,,8,47,,5,7,1,,,45,1,,,,,,,,,,,,,1,,,3,,,,1,,,,262158733248.13,4369312220.80217,33576066144,113192056.8,2199627714,6037224097,100620401.624667,1936001433,-1102069537,48638363.88,182887,3048.11666666667,22660,16,1372,69126795798,1152113263.30017,6853682145,13390532.5,615345118,56.6513333333333,217.62,8,52.085,2978444240,119137769.6,803796128,2490219,29455902.37,-0.81,206.2,-95.3,1.655,7176777083,119612951.387167,1969007924,-1277222744,41392506.27,-118.4050847,438.96,-3639.16,30.34,-53.7685,393.4,-3281.41,29.755,-35.33125,32.35,-89.27,-33.245,9.592,44.42,0.54,6.26,-0.296956522,10.82,-12.12,-0.67,12092941.07,4030980.35666667,7263721.5,936130.17,3893089.4,-45.17333333,5.43,-105,-35.95,5994,333,1699,27,159,-27.50125,-1.44,-57.88,-24.145,2.91745762711864,1263.62,-98.7,-12.41,805476320.8,15793653.3498039,152448533.4,1415,4407557,1823.87,30.3978333333333,295,0.39,15.5,4401,183.375,1101,1,34.5,24,12,18,6,12,738,56.7692307692308,306,1,14,494,27.4444444444444,159,1,5.5,0,0,0,0,0,483,48.3,176,2,29,0,0,0,0,0,301,37.625,138,1,9,0,0,0,0,0,548,42.1538461538462,140,2,16,197,21.8888888888889,101,1,2,19.0516666666667,57.57,1.43,10.46,0,0,0,0,0,0,0,0,0,0,0,0,0,0,0,0,0,0,0,0,0,0,0,0,0,0,0,0,0,0,0,0,0,0,0,0,0,0,0,0,0,0,0,0,0,136289394220.93,2271489903.68217,16999016194,30298132.02,901434622.8,7039,335.190476190476,2292,2,56,0,0,0,0,0,1983,94.4285714285714,578,1,10,24,12,18,6,12,2,1,1,1,1,0,0,0,0,0
农、林、牧、渔业,全国,50,,5,1,,13,,30,1,31,2,1,16,22,5,3,,2,,,,,1,,,,,,,,1,7,2,,6,1,,,,,,,557611963084.44,11152239261.6888,192947670174,135959438,3868453755,6837826987,136756539.7,14933494035,-14345880091,50401566.53,368408,7368.16,140457,29,1757,360364898214.01,7207297964.2802,124826000000,10735534.24,1990433119,58.5194,227.9,14.2,52.64,3443594731,73267972.9893617,1142405803,416214.55,23057656.68,37.2046,753.4,-86.23,15.26,10060408209,201208164.2,14853668723,-12453430305,58401684.38,-8.3258,893.42,-1939.7,25.18,-52.0078,399.22,-2951.04,21.06,136.181956521739,3118.99,-95.22,33.975,2.17234042553191,14.12,0.01,1.05,0.362173913043478,9.84,-2.32,0.085,143365782,17920722.74,67538856.42,26073,12953931.69,-5.35,133.75,-102,-15.925,13139,312.833333333333,6139,4,86,21.6627027027027,183.62,-92.9,7.63,3.3269387755102,79.1,-87.04,-0.26,1712862736,34956382.3571429,399787736,84910.74,14342451,6665.15,133.303,2300,0.29,41,10151,211.479166666667,1853,4,101.5,43,5.375,22,1,2,1138,24.7391304347826,275,1,11.5,1848,39.3191489361702,262,1,15,0,0,0,0,0,1021,26.8684210526316,375,2,10,1,1,1,1,1,292,9.125,58,1,5.5,1,1,1,1,1,1268,30.9268292682927,569,1,9,181,6.24137931034483,55,1,2,6.99880952380953,24.89,0.33,3.86,0,0,0,0,0,0,0,0,0,0,6,1.2,2,1,1,2,1,1,1,1,0,0,0,0,0,0,0,0,0,0,0,0,0,0,0,1,1,1,1,1,0,0,0,0,0,323368075344.34,6467361506.8868,104877213043.91,147158095.6,1846349051,15458,328.893617021277,2804,10,144,0,0,0,0,0,3818,79.5416666666667,760,2,30.5,43,5.375,22,1,2,11,1.1,2,1,1,0,0,0,0,0
橡胶和塑料制品业,全国,107,1,2,,,10,6,87,1,68,2,8,29,54,9,1,3,1,1,,,,1,,,,,,7,,,1,1,2,25,,,,,1,,,476387663666.96,4452221155.76598,55428698924,213941851.5,2316601720,21951903679,205157978.304486,4212137214,-388864551.6,70758077.63,218137,2038.66355140187,21408,102,1198,313571405678.69,2930573884.84757,40412377511,129529881.5,1618318973,36.0729906542056,98,4.02,34.94,12179847531,114904221.990377,1453703556,1897671.51,47604030.02,2.5611214953271,80.43,-35.7,-1.57,24601944276,229924712.858598,4769410499,-464836322.2,75789128.85,-207.344486,512.2,-16953.99,-15.45,-109.7820561,930.1,-9159.03,-15.91,8.85849056603774,211.2,-45.82,5.03,4.20566037735849,9.56,0.1,4.065,0.155377358490566,2.29,-2.12,0.145,105451980.4,21090396.08,62896400.4,14334.77,10248785.38,42.654,147.51,-24.7,-2.81,27407,261.019047619048,3146,14,137,5.84474747474747,229.17,-69.85,3.41,3.72707547169811,121.05,-37.8,1.96,1966394638,18377519.9827103,310720643.9,383153.1,9217314.61,6440.26,60.1893457943925,945,1.32,29,50461,471.598130841121,6110,20,205,1276,22.7857142857143,575,1,3.5,8247,78.5428571428571,2104,2,31,7081,67.4380952380952,1510,1,27,0,0,0,0,0,5775,56.0679611650485,911,1,22,171,10.6875,99,1,2,2559,26.9368421052632,821,1,9,171,10.6875,99,1,2,5055,49.0776699029126,600,1,22,1353,16.3012048192771,455,1,4,13.322380952381,35.1,0.9,13.2,0,0,0,0,0,0,0,0,0,0,7,1.16666666666667,2,1,1,1,1,1,1,1,0,0,0,0,0,0,0,0,0,0,0,0,0,0,0,0,0,0,0,0,0,0,0,0,0,212961187697.84,1990291473.81159,37141538038,34683015.64,939333166.8,120358,1124.84112149533,28620,18,423,0,0,0,0,0,21927,204.92523364486,5096,1,78,1275,22.7678571428571,571,1,3.5,90,2.30769230769231,12,1,1,7,1.16666666666667,2,1,1
家具制造业,全国,43,,1,,,,2,40,,14,11,2,16,13,,1,,9,2,,,,,,,,,,2,,,,,,16,,,,,,,,212416487600.27,4939918316.28535,28611032392,77514037.93,3166268311,9786713825,227597995.932326,2682519513,-1508812157,52638651,213012,4953.76744186046,25851,28,2733,167008086205.14,3883908981.51488,22479555834,85655805.09,2663333648,45.8944186046512,111.1,6.13,47.8,5044016376,132737273.047105,1123242484,73369.93,79591251.22,-9.56744186,49.45,-74.81,-3.47,11995127494,278956453.340233,3056076244,-1610004084,63068989.69,114.824186046512,6559.7,-2604.76,1.31,544.246744186046,26106.55,-2387.97,-5.4,8.89026315789474,503,-89.67,-0.705,3.79894736842105,16.77,0.05,3.42,0.626486486486487,10.93,-0.98,0.23,56276760.01,18758920.0033333,47736486.61,1699168.1,6841105.3,43,191.38,-33.18,-29.2,17222,538.1875,3025,33,382,-6.2134375,41.42,-55.55,-4.395,-1.837209302,306.94,-67.21,-6.02,1394490274,34862256.86,320241358.1,254035,14064884.17,2486.56,57.826976744186,586,0.21,30,31299,845.918918918919,4948,8,638,207,14.7857142857143,64,1,7,883,25.9705882352941,131,1,18,729,22.0909090909091,94,1,14,0,0,0,0,0,4576,127.111111111111,864,1,61,27,5.4,20,1,2,633,19.78125,219,1,6.5,27,5.4,20,1,2,4528,129.371428571429,640,1,87,218,7.03225806451613,49,1,4,11.74125,28.39,5,10.525,0,0,0,0,0,0,0,0,0,0,0,0,0,0,0,0,0,0,0,0,0,0,0,0,0,0,0,0,0,0,0,0,0,0,0,0,0,0,0,0,0,0,0,0,0,106263507398.06,2471244358.09442,12097290851,33077811.8,1338209930,16791,453.810810810811,1555,2,290,0,0,0,0,0,3315,94.7142857142857,396,3,66,207,14.7857142857143,64,1,7,22,2,6,1,1,0,0,0,0,0
印刷和记录媒介复制业,全国,33,,,,,1,8,24,,9,18,1,5,7,,,2,12,5,,,,,1,,,,,1,,,,,1,4,,,,,,,,74970817322,2271842949.15121,12104481295,35539261,824662536.5,-2189746263,-66355947.37,304161025.3,-2828395744,8080018.7,44244,1382.625,5743,139,964,43205472286,1309256735.92485,9538228571,37014118,564498063.5,64.0224242424243,635.08,0.1,32.83,1112365194,48363704.106087,229584049.2,7298213,27918229.38,-5.234242424,78.98,-72.81,-5.04,-1350068190,-40911157.26,484369302,-2805221377,19305535,-28.94060606,945.43,-714.98,-42.19,-61.57151515,745.46,-1137.63,-58.56,7.24681818181818,206.35,-35.32,-2.19,3.82652173913043,6.96,0.46,4,0.103809523809524,4.25,-1.72,0.1,24159407.91,12079703.96,19065989.91,5093418,12079703.96,167.71,653.28,-106,-44.15,2530,168.666666666667,516,24,122,8.74642857142857,45.66,-23.19,5.94,-4.020967742,70,-47.84,-3.8,538928305.4,19247439.4782143,246037938,135036,5267480.185,862.42,26.1339393939394,176,0.39,19,5002,208.416666666667,871,3,196.5,10,2,4,1,2,540,24.5454545454545,95,1,19,493,24.65,104,1,16,0,0,0,0,0,448,20.3636363636364,70,1,17,0,0,0,0,0,109,8.38461538461539,28,1,8,0,0,0,0,0,468,21.2727272727273,66,1,20,70,4.375,16,1,3,11.396,21.3,2.73,11.31,0,0,0,0,0,0,0,0,0,0,1,1,1,1,1,0,0,0,0,0,0,0,0,0,0,0,0,0,0,0,0,0,0,0,0,0,0,0,0,0,0,0,0,0,0,41056708207,1244142672.92788,14772105957,823028,494990697.8,7527,313.625,1447,1,261,0,0,0,0,0,1404,63.8181818181818,280,1,50.5,10,2,4,1,2,13,1.44444444444444,4,1,1,0,0,0,0,0
废弃资源综合利用业,全国,27,,2,,,4,1,19,1,12,12,,3,10,2,,,7,1,2,,,,2,,,,,,,,,,,2,,,1,,,,,329014932694.02,12185738247.9267,75379889967,161691789.9,2985492797,24469776754,906288027.925185,16189529836,-568691419,111449953,66509,2463.2962962963,10325,14,1555,118319338994.01,4550743807.46192,29391750547,43510795.2,2312656747,47.2351851851852,78.93,5.54,55.7,3800666469,165246368.205217,1476492999,1922,38029529,15.7111538461538,118.67,-41.94,7.1,8701032010,322260444.803704,2034883234,-556475566.4,123609486.8,-79.32814815,177.44,-610.97,-32.7,-52.27111111,438.73,-787.26,-6.3,24.5527272727273,184.42,-99.88,0.82,3.61727272727273,14.88,0.06,3.6,0.231818181818182,5.2,-2.48,-0.03,406004120.5,81200824.1,339010072.4,2267230.26,7896020.1,35.2325,126.9,-43.22,28.625,4556,284.75,1566,4,123,7.23625,71.19,-46.32,4.375,11.2646153846154,126.36,-29,5.805,1246403684,47938603.2473077,269162030.8,10263,15477066.44,1582.8,58.6222222222222,354,0.43,35,11409,518.590909090909,3278,1,145.5,122,17.4285714285714,86,1,10,1331,66.55,627,1,8,1465,73.25,572,1,10,0,0,0,0,0,1039,54.6842105263158,455,1,26,22,11,20,2,11,480,26.6666666666667,271,1,9,22,11,20,2,11,963,48.15,250,4,26.5,189,15.75,72,1,7,13.78625,30.68,3.92,13.87,0,0,0,0,0,0,0,0,0,0,3,1.5,2,1,1.5,0,0,0,0,0,0,0,0,0,0,0,0,0,0,0,0,0,0,0,0,0,0,0,0,0,0,0,0,0,0,175721965092.76,6508220929.36148,28207407421,46813291.5,1795290227,20176,960.761904761905,7906,1,209,0,0,0,0,0,4398,199.909090909091,1868,1,49,122,17.4285714285714,86,1,10,14,4.66666666666667,12,1,1,3,1.5,2,1,1.5
木材加工和木、竹、藤、棕、草制品业,全国,11,,,,,1,2,8,,5,2,,4,5,,,,2,,,,,,,,,,,,,,1,,2,1,,,,,,,,41731716684,3793792425.83182,9549628983,148077834,4133823138,546785476.7,49707770.6054546,461842751.1,-195985410.5,-6784913,19090,1735.45454545455,6541,32,1207,24326203287,2211473026.11182,8917384021,59487742,886980742.9,41.1663636363636,82.36,13.4,34.32,379043253.6,42115917.0711111,130442739.2,14671155,30068275.42,-24.29,-0.6,-65.54,-15.83,783675269.8,71243206.3427273,601767535.1,-192982116,-7143925,-163.9918182,56.55,-804.28,-99.42,-176.1681818,56.57,-817.51,-73.3,-14.00222222,8.03,-66.6,-13.38,2.62222222222222,4.09,0.8,3.16,0.111111111111111,0.8,-0.18,-0.08,0,0,0,0,0,0,0,0,0,1358,169.75,563,37,95,0.66125,31.69,-33.97,0.83,-17.54636364,6.98,-73.32,-8.43,176973814.4,17697381.44,71490695.22,-5111728,12359456.26,320.82,29.1654545454545,92,0.42,26,3714,412.666666666667,1039,14,218,7,7,7,7,7,345,38.3333333333333,109,1,23,391,43.4444444444444,169,3,26,0,0,0,0,0,353,44.125,94,4,35,0,0,0,0,0,94,13.4285714285714,33,1,8,0,0,0,0,0,274,34.25,85,2,25.5,34,5.66666666666667,12,2,4,7.08375,9.97,4.87,6.83,0,0,0,0,0,0,0,0,0,0,0,0,0,0,0,0,0,0,0,0,0,0,0,0,0,0,0,0,0,0,0,0,0,0,0,0,0,0,0,0,0,0,0,0,0,17071832191,1551984744.61818,3463672857,122009794,1320177331,5577,619.666666666667,2021,74,382,0,0,0,0,0,1000,111.111111111111,373,3,69,7,7,7,7,7,23,4.6,12,2,2,0,0,0,0,0
仪器仪表制造业,全国,89,,2,,1,3,3,80,,48,3,10,28,44,2,1,,3,,,,1,,,,,,,10,,,1,1,3,23,,,,,,,,234236588440.16,2631871780.22652,21300520496,130132062.4,1591857109,9594937698,107808288.740562,965004676.7,-443027199.7,79259565.57,116087,1304.34831460674,8130,24,801,95988467877,1078522110.9818,9098209642,97859190.18,622471622.9,28.8305617977528,92.14,4.46,25.83,8626795844,96930290.3811236,589301729.8,8396421,60837907.29,8.06550561797753,59.1,-42.86,10.62,11096515993,124679954.976067,1152341599,-487261961.1,80648833.73,5.34808988764045,1831.52,-332.8,-7.07,13.3424719101124,2478.84,-375.56,-6.91,100.103707865169,7292.5,-47.05,19.4,10.9386516853933,70.63,2.9,8.4,1.63247191011236,31.4,-3.51,0.72,441911947.1,55238993.39,156871283.5,5133385.05,24413532.05,32.465,410.61,-109,-10.33,27508,319.860465116279,1729,23,201,14.3116666666667,139,-52.34,11.81,9.24112359550562,47.1,-36.87,8.89,1442372086,16390591.8880682,150661902.4,205349.1,9328104.22,4822.58,54.1862921348315,264,0.96,40,45214,513.795454545455,3989,4,327,454,11.35,71,1,4.5,6761,77.7126436781609,904,3,35,4354,50.0459770114943,406,1,29,0,0,0,0,0,5626,64.6666666666667,804,2,36,38,5.42857142857143,11,3,4,2453,29.9146341463415,392,1,12,38,5.42857142857143,11,3,4,4818,56.0232558139535,841,2,32.5,1100,15.0684931506849,258,1,7,27.691511627907,95.88,5.82,24.43,0,0,0,0,0,0,0,0,0,0,12,1.2,2,1,1,3,1,1,1,1,0,0,0,0,0,0,0,0,0,0,0,0,0,0,0,2,1,1,1,1,0,0,0,0,0,88156504314,990522520.380786,8103409814,30626444.6,376332420.6,85051,966.488636363636,6296,12,632.5,0,0,0,0,0,18136,206.090909090909,2041,1,111.5,454,11.35,71,1,4.5,152,4.90322580645161,19,1,3,2,1,1,1,1
其他制造业,全国,53,1,6,,,3,5,38,,25,16,,12,19,2,3,,10,4,2,,,,,1,,,,,,,1,1,1,9,,,,,,,,137118583940.47,2587143093.21641,16378883641,56917099.32,1739553236,5558095007,104869717.122075,1408731756,-243262985.7,49882768,71136,1342.18867924528,6133,47,702,72902328804,1375515637.80736,7144241106,19070857,694835190.7,34.4179245283019,91.66,3.85,33.19,3211362145,71363603.2322222,317114821,917453.55,34320654.31,1.64433962264151,47.76,-57.52,4.15,5931331269,111911910.743962,1063419625,-222983040.3,60982399.57,0.22584905660377,380.64,-687,7.7,2.6911320754717,343.61,-686.19,5.3,1.54,76.74,-97.06,6.285,6.68355555555556,34.59,0.02,5.81,-0.83,4.01,-19.89,-0.095,248901503.5,31112687.94,140927600.1,920720.34,16578977.69,82.8166666666667,769.25,-102,-20,9578,233.609756097561,1105,3,136,5.67131578947368,76.99,-25,1.385,0.8358,54.56,-42.79,0.89,458685564.1,9173711.282,59006766.51,4292.2,4076168.345,2464.75,46.5047169811321,287,0.2,31,20532,477.488372093023,3373,6,245,326,14.8181818181818,132,1,4,2558,60.9047619047619,403,2,22,2120,51.7073170731707,430,1,20,0,0,0,0,0,2060,52.8205128205128,300,1,27,10,3.33333333333333,8,1,1,598,18.6875,108,1,9,10,3.33333333333333,8,1,1,1968,49.2,299,1,24.5,331,9.73529411764706,45,1,4,19.3880487804878,48.62,5.55,15.11,0,0,0,0,0,0,0,0,0,0,3,1,1,1,1,1,1,1,1,1,0,0,0,0,0,0,0,0,0,0,0,0,0,0,0,0,0,0,0,0,0,0,0,0,0,46794206739,882909561.120188,4693542455,20476644.71,421276678.6,39374,915.674418604651,7069,55,335,0,0,0,0,0,6816,158.511627906977,1319,3,85,332,15.0909090909091,138,1,4,25,5,8,3,5,0,0,0,0,0
居民服务、修理和其他服务业,全国,4,,,,,,,4,,1,3,,,1,,,,3,,,,,,,,,,,,,,,,,,,,,,,,,9438399242,2359599810.5925,7815895296,194025963.6,714238991.4,869353113.3,217338278.3,810721398,-32549520.66,45590618,3547,886.75,2409,211,463.5,2834502857,708625714.2,2171620314,77969327,292456607.9,34.0025,54.04,21.78,30.095,6750059.69,6750059.69,6750059.69,6750059.69,6750059.69,1.8475,13.22,-6.66,0.415,1122568403,280642100.7,1030325851,-42841313.5,67541932.64,-147.275,176.47,-799.61,17.02,-111.8475,109.56,-601.14,22.095,7.22,7.22,7.22,7.22,2.37,2.37,2.37,2.37,0.22,0.22,0.22,0.22,1248893.43,1248893.43,1248893.43,1248893.43,1248893.43,0,0,0,0,36,36,36,36,36,144,144,144,144,4.58,27.44,-13.61,2.245,29843573.37,7460893.343,26597984,93032,1576278.685,132.8,33.2,112,0.93,9.935,37,37,37,37,37,0,0,0,0,0,0,0,0,0,0,5,5,5,5,5,0,0,0,0,0,0,0,0,0,0,0,0,0,0,0,0,0,0,0,0,0,0,0,0,0,0,0,0,0,0,0,0,0,0,0,5.5,5.5,5.5,5.5,0,0,0,0,0,0,0,0,0,0,0,0,0,0,0,0,0,0,0,0,0,0,0,0,0,0,0,0,0,0,0,0,0,0,0,0,0,0,0,0,0,0,0,0,0,2204840452,551210113.1,1701880353,69291305.3,216834397,40,40,40,40,40,0,0,0,0,0,6,6,6,6,6,0,0,0,0,0,0,0,0,0,0,0,0,0,0,0
